winner,turns,largest_army,longest_road,points_0,points_1,points_2,points_3,smart,trial
,200,1.0,1.0,4,6,8,3,2,0
1.0,150,1.0,1.0,3,12,4,3,1,1
2.0,191,2.0,2.0,7,3,10,3,0,2
2.0,87,2.0,2.0,5,3,10,2,2,3
0.0,149,1.0,2.0,11,5,4,5,0,4
0.0,145,0.0,3.0,10,6,4,7,0,5
0.0,61,,0.0,10,2,2,6,0,6
1.0,142,1.0,0.0,6,10,3,9,0,7
0.0,97,,2.0,10,4,4,6,0,8
1.0,102,,1.0,3,10,2,4,1,9
3.0,116,1.0,3.0,2,7,7,10,2,10
1.0,166,0.0,1.0,7,10,5,7,3,11
1.0,82,,0.0,8,10,3,4,0,12
2.0,143,1.0,2.0,7,7,10,6,2,13
2.0,167,1.0,2.0,7,5,11,3,0,14
,200,,2.0,4,6,8,9,3,15
2.0,143,,2.0,6,3,10,2,2,16
3.0,160,2.0,3.0,3,2,9,10,0,17
0.0,97,,0.0,11,4,3,2,1,18
0.0,125,2.0,0.0,10,6,9,2,0,19
1.0,114,,1.0,5,10,2,7,1,20
0.0,105,,0.0,10,3,8,4,0,21
0.0,85,,0.0,10,4,6,3,2,22
0.0,105,,0.0,10,4,6,2,1,23
3.0,124,1.0,2.0,6,7,8,10,2,24
3.0,180,,3.0,7,7,2,10,1,25
3.0,68,,3.0,4,2,2,10,0,26
1.0,166,2.0,2.0,5,10,7,4,1,27
0.0,125,3.0,0.0,10,3,2,8,3,28
2.0,123,1.0,2.0,6,4,10,2,2,29
0.0,93,,2.0,10,4,4,3,2,30
3.0,156,2.0,3.0,2,3,9,10,1,31
3.0,100,3.0,3.0,4,5,3,10,1,32
3.0,148,,0.0,8,4,5,10,2,33
3.0,136,,0.0,7,2,7,10,2,34
0.0,129,3.0,0.0,10,4,2,7,0,35
1.0,114,,1.0,4,10,6,3,1,36
3.0,132,0.0,3.0,9,4,3,10,0,37
3.0,108,,3.0,8,2,2,10,0,38
2.0,83,,2.0,2,3,10,2,2,39
1.0,90,,1.0,2,11,4,2,2,40
1.0,114,,2.0,4,10,5,4,0,41
1.0,106,2.0,2.0,4,10,9,4,3,42
2.0,115,,2.0,4,8,11,4,1,43
0.0,117,,0.0,10,3,6,3,0,44
1.0,178,1.0,1.0,6,10,4,8,2,45
3.0,140,,3.0,2,3,9,10,3,46
0.0,141,,0.0,10,4,8,2,2,47
3.0,156,3.0,3.0,5,3,6,11,2,48
3.0,60,,,3,4,2,10,0,49
0.0,165,3.0,1.0,11,6,5,8,0,50
3.0,112,3.0,3.0,2,4,9,10,2,51
3.0,100,,3.0,7,4,6,10,0,52
1.0,110,,1.0,2,10,6,3,2,53
0.0,129,,0.0,11,3,2,5,3,54
2.0,183,2.0,3.0,3,5,10,7,3,55
3.0,192,3.0,3.0,5,6,8,10,0,56
1.0,118,,1.0,2,10,3,3,1,57
2.0,91,2.0,2.0,3,2,11,2,2,58
0.0,141,2.0,3.0,10,4,8,8,0,59
3.0,112,,3.0,3,6,2,10,1,60
3.0,120,0.0,1.0,7,4,7,10,2,61
2.0,71,,2.0,3,3,11,2,2,62
2.0,155,2.0,1.0,8,4,10,4,3,63
3.0,100,,3.0,2,2,2,11,3,64
2.0,167,,0.0,7,6,11,2,2,65
3.0,84,,3.0,3,6,2,13,1,66
2.0,123,3.0,1.0,3,8,10,5,1,67
1.0,74,,1.0,2,10,4,2,1,68
3.0,92,,3.0,3,5,3,10,3,69
2.0,103,,2.0,2,5,10,4,2,70
0.0,85,0.0,0.0,10,4,2,4,3,71
1.0,138,0.0,0.0,7,11,2,8,1,72
1.0,110,,1.0,3,10,3,4,1,73
1.0,110,,1.0,7,10,4,2,1,74
3.0,88,3.0,3.0,3,2,2,10,3,75
0.0,77,,3.0,10,2,3,7,1,76
2.0,135,1.0,2.0,4,9,10,3,1,77
2.0,111,2.0,2.0,4,2,10,5,3,78
0.0,117,2.0,0.0,10,6,6,4,0,79
3.0,156,3.0,3.0,5,3,8,11,2,80
1.0,150,,1.0,3,10,4,4,1,81
1.0,138,0.0,0.0,9,10,4,7,0,82
1.0,138,2.0,1.0,2,10,7,2,1,83
2.0,87,2.0,2.0,3,4,10,3,0,84
0.0,113,0.0,0.0,10,2,4,5,2,85
1.0,110,1.0,1.0,4,10,2,2,3,86
2.0,123,0.0,0.0,8,4,10,4,2,87
2.0,151,,0.0,8,8,10,3,1,88
1.0,130,1.0,1.0,2,10,7,4,2,89
2.0,115,,2.0,5,8,10,7,1,90
1.0,122,,0.0,5,11,3,5,1,91
0.0,89,,0.0,10,3,3,4,0,92
3.0,72,3.0,3.0,2,3,2,12,3,93
1.0,174,3.0,1.0,6,10,3,7,2,94
3.0,92,,3.0,4,7,4,10,1,95
3.0,132,,0.0,7,4,3,10,0,96
0.0,109,,0.0,10,3,2,2,0,97
,200,1.0,2.0,6,9,9,5,1,98
3.0,100,,3.0,2,3,2,10,3,99
3.0,84,,3.0,3,4,3,10,3,100
3.0,144,3.0,3.0,5,4,2,10,3,101
1.0,102,1.0,3.0,4,10,5,7,3,102
1.0,134,1.0,3.0,7,10,2,9,0,103
0.0,125,0.0,0.0,10,3,3,4,0,104
2.0,167,1.0,1.0,6,9,10,2,3,105
2.0,131,2.0,2.0,8,3,10,4,0,106
3.0,132,,3.0,2,6,4,10,0,107
2.0,135,1.0,2.0,2,7,10,4,1,108
2.0,199,3.0,2.0,3,7,10,8,1,109
1.0,94,,1.0,5,10,3,3,1,110
0.0,113,,0.0,10,5,3,8,3,111
0.0,85,,0.0,10,5,4,2,0,112
3.0,96,,2.0,3,4,4,10,3,113
0.0,125,,0.0,11,3,6,6,0,114
0.0,141,,0.0,10,6,3,6,0,115
,200,0.0,3.0,8,7,5,6,1,116
1.0,142,,1.0,5,10,4,4,3,117
0.0,125,,2.0,10,2,6,9,3,118
0.0,125,3.0,0.0,10,5,4,8,0,119
2.0,195,2.0,3.0,5,2,10,9,3,120
3.0,124,,3.0,3,2,2,10,3,121
3.0,80,,3.0,2,3,3,10,3,122
1.0,90,3.0,1.0,4,10,2,6,1,123
0.0,73,,0.0,11,2,3,3,0,124
0.0,133,,0.0,10,2,2,4,0,125
2.0,111,,1.0,4,9,11,2,2,126
0.0,129,,0.0,10,5,2,4,0,127
2.0,159,2.0,0.0,4,2,11,5,2,128
,200,,0.0,9,9,2,4,1,129
1.0,102,1.0,0.0,8,10,6,2,1,130
0.0,141,0.0,0.0,10,3,2,6,2,131
1.0,86,,1.0,4,10,2,4,0,132
0.0,153,,0.0,11,2,8,7,2,133
1.0,90,1.0,1.0,4,11,6,3,2,134
2.0,59,2.0,2.0,3,3,10,2,2,135
0.0,97,3.0,0.0,10,2,2,8,1,136
2.0,159,2.0,2.0,9,4,10,4,0,137
1.0,122,1.0,1.0,3,10,8,2,2,138
2.0,139,2.0,0.0,9,3,10,3,0,139
3.0,124,3.0,3.0,4,5,2,11,1,140
2.0,99,2.0,2.0,5,2,10,2,2,141
1.0,166,1.0,1.0,2,10,5,6,3,142
0.0,177,,0.0,11,7,4,5,1,143
3.0,80,3.0,3.0,3,4,4,11,3,144
2.0,199,2.0,1.0,8,9,10,7,3,145
3.0,108,,3.0,2,4,4,10,3,146
2.0,127,2.0,1.0,7,7,10,3,1,147
3.0,156,3.0,3.0,2,3,8,10,2,148
2.0,191,2.0,2.0,2,4,10,4,1,149
1.0,166,3.0,1.0,2,10,5,8,2,150
2.0,167,0.0,2.0,5,8,10,7,2,151
1.0,126,1.0,0.0,5,10,4,4,0,152
3.0,144,,3.0,6,5,4,10,1,153
0.0,105,0.0,0.0,10,2,5,4,0,154
1.0,90,1.0,1.0,5,10,6,2,0,155
1.0,114,,3.0,3,10,3,9,3,156
,200,3.0,0.0,6,2,5,6,2,157
2.0,47,,2.0,2,2,10,3,2,158
2.0,87,2.0,2.0,4,2,10,2,0,159
1.0,70,,1.0,3,11,2,3,1,160
3.0,104,,3.0,6,4,5,10,3,161
1.0,114,,1.0,5,10,4,3,0,162
3.0,128,3.0,1.0,4,8,3,10,1,163
0.0,93,2.0,0.0,10,2,5,5,3,164
3.0,152,,1.0,3,4,8,11,3,165
0.0,113,,0.0,10,3,3,3,1,166
2.0,91,,2.0,2,4,10,4,2,167
1.0,118,,1.0,2,10,2,2,1,168
0.0,97,0.0,0.0,10,4,3,4,3,169
1.0,126,2.0,1.0,2,10,6,3,0,170
3.0,136,2.0,3.0,6,4,9,10,1,171
2.0,139,0.0,1.0,7,7,10,4,3,172
0.0,77,,0.0,10,2,2,4,0,173
2.0,87,,2.0,4,5,10,3,2,174
2.0,155,,0.0,7,9,11,3,0,175
2.0,155,,3.0,6,6,10,7,2,176
3.0,176,3.0,3.0,6,3,4,10,0,177
0.0,113,0.0,0.0,10,2,3,4,2,178
0.0,133,,0.0,10,3,4,2,0,179
2.0,171,,2.0,3,6,10,4,3,180
3.0,132,,3.0,6,5,4,10,1,181
,200,0.0,0.0,9,3,5,8,3,182
2.0,99,0.0,2.0,9,2,10,4,2,183
2.0,163,3.0,0.0,7,6,10,6,2,184
1.0,158,,1.0,5,10,5,4,0,185
,200,2.0,0.0,7,7,9,2,0,186
3.0,116,,3.0,6,5,2,11,1,187
0.0,125,0.0,1.0,10,7,6,3,1,188
3.0,72,,1.0,4,4,2,10,3,189
0.0,169,1.0,0.0,10,8,4,6,0,190
,200,0.0,3.0,9,8,6,8,1,191
3.0,168,3.0,2.0,3,7,9,10,1,192
,200,1.0,2.0,9,6,9,8,0,193
3.0,120,2.0,1.0,2,7,4,10,1,194
0.0,117,0.0,0.0,10,4,3,4,1,195
1.0,118,1.0,3.0,4,10,3,8,3,196
3.0,116,,3.0,3,4,3,10,1,197
0.0,149,,0.0,11,5,4,4,0,198
,200,2.0,0.0,4,3,4,4,3,199
1.0,154,,1.0,2,10,6,8,1,200
1.0,70,,1.0,2,10,3,4,0,201
2.0,91,,2.0,2,2,10,6,2,202
0.0,129,,1.0,10,7,4,6,0,203
2.0,131,,2.0,7,5,10,9,2,204
3.0,116,,3.0,7,6,4,11,1,205
0.0,105,0.0,0.0,10,2,5,2,2,206
,200,,1.0,4,4,5,8,3,207
0.0,161,0.0,1.0,10,6,5,5,1,208
0.0,193,,0.0,10,4,7,7,2,209
0.0,149,,0.0,10,3,6,2,2,210
3.0,152,3.0,0.0,5,2,5,10,2,211
1.0,138,,2.0,4,10,7,2,2,212
1.0,138,1.0,2.0,2,11,8,5,2,213
0.0,153,1.0,1.0,10,9,3,3,0,214
0.0,89,,0.0,10,2,2,3,0,215
3.0,144,3.0,3.0,2,3,5,11,3,216
2.0,95,,2.0,2,6,10,3,1,217
2.0,71,0.0,2.0,8,2,10,2,2,218
2.0,147,2.0,,3,2,10,2,0,219
2.0,123,2.0,0.0,7,2,10,3,0,220
0.0,97,0.0,0.0,10,2,2,5,0,221
0.0,141,1.0,0.0,10,7,9,5,0,222
3.0,144,,0.0,8,2,6,10,0,223
2.0,135,,2.0,4,4,10,7,3,224
0.0,97,,0.0,10,2,4,3,2,225
0.0,181,,0.0,10,3,4,2,0,226
3.0,68,,3.0,4,4,3,10,0,227
2.0,131,0.0,2.0,9,4,10,4,2,228
3.0,156,3.0,2.0,7,4,7,10,2,229
0.0,129,,0.0,10,4,6,4,2,230
3.0,160,,3.0,7,8,2,10,3,231
0.0,101,,0.0,10,4,4,2,0,232
3.0,148,,3.0,5,7,3,10,3,233
3.0,148,,3.0,3,6,3,10,1,234
2.0,119,,2.0,7,3,10,3,2,235
3.0,164,,3.0,7,6,2,10,3,236
3.0,168,,3.0,3,4,5,10,2,237
3.0,124,,3.0,3,6,2,10,1,238
0.0,129,2.0,0.0,10,3,7,6,3,239
1.0,130,1.0,3.0,2,10,2,7,2,240
0.0,93,,0.0,12,4,3,2,0,241
0.0,105,,0.0,11,2,2,6,0,242
3.0,136,,3.0,4,7,4,10,3,243
2.0,91,,0.0,5,2,10,2,0,244
3.0,124,,2.0,5,4,7,10,1,245
,200,0.0,0.0,8,2,7,6,3,246
,200,1.0,2.0,5,6,4,4,0,247
1.0,102,,1.0,2,10,3,5,1,248
3.0,112,,2.0,3,2,5,11,3,249
1.0,110,1.0,1.0,4,10,3,2,2,250
3.0,100,3.0,3.0,2,6,2,10,3,251
0.0,121,,2.0,10,4,7,5,2,252
3.0,176,,0.0,5,4,4,10,1,253
1.0,66,,1.0,3,10,4,4,2,254
,200,,,5,4,2,2,1,255
0.0,157,,1.0,10,9,8,4,0,256
2.0,63,,2.0,2,3,11,4,0,257
2.0,167,2.0,3.0,4,4,10,8,1,258
0.0,173,2.0,0.0,10,3,9,5,0,259
,200,,3.0,6,2,2,6,3,260
2.0,79,2.0,2.0,5,4,10,2,3,261
2.0,103,,2.0,2,4,10,2,2,262
3.0,120,,2.0,4,6,5,10,1,263
0.0,177,2.0,0.0,10,4,7,3,3,264
,200,1.0,3.0,5,8,7,7,2,265
0.0,109,3.0,0.0,10,3,4,6,0,266
1.0,86,1.0,1.0,5,10,4,2,1,267
2.0,179,,2.0,5,6,10,6,2,268
1.0,134,0.0,1.0,7,11,6,4,2,269
3.0,52,3.0,1.0,2,6,2,10,1,270
1.0,106,,1.0,2,10,3,6,1,271
,200,2.0,0.0,7,8,8,3,1,272
2.0,91,,3.0,4,2,10,4,2,273
2.0,147,0.0,3.0,6,8,10,9,2,274
3.0,68,,2.0,2,2,4,10,3,275
0.0,189,0.0,0.0,10,2,5,4,3,276
1.0,130,1.0,2.0,5,10,9,3,0,277
,200,,0.0,6,6,6,6,2,278
,200,1.0,0.0,7,9,3,8,0,279
,200,2.0,0.0,9,3,8,9,0,280
1.0,134,,3.0,5,10,4,6,1,281
3.0,68,,3.0,4,2,3,10,3,282
3.0,192,0.0,3.0,7,6,5,10,1,283
,200,0.0,0.0,9,8,4,6,2,284
2.0,63,2.0,1.0,3,8,10,2,1,285
3.0,100,1.0,3.0,2,9,2,10,3,286
,200,3.0,3.0,6,4,4,7,0,287
3.0,192,2.0,3.0,2,4,8,10,3,288
1.0,106,,1.0,4,10,3,3,1,289
1.0,170,,1.0,2,10,5,4,1,290
1.0,142,,0.0,4,10,6,4,2,291
3.0,140,3.0,1.0,6,7,9,10,2,292
3.0,128,3.0,2.0,3,5,5,10,1,293
2.0,75,2.0,2.0,2,4,10,2,3,294
1.0,138,2.0,0.0,9,10,6,3,0,295
,200,3.0,2.0,5,3,8,9,2,296
2.0,91,0.0,2.0,4,3,10,2,2,297
,200,0.0,3.0,8,8,6,4,2,298
0.0,137,3.0,0.0,10,2,3,9,2,299
3.0,76,,3.0,3,2,4,10,3,300
0.0,101,0.0,0.0,13,3,2,4,0,301
,200,3.0,3.0,3,5,3,6,2,302
1.0,174,,0.0,6,10,4,3,1,303
0.0,109,,3.0,10,2,5,8,2,304
0.0,117,0.0,1.0,10,7,2,6,1,305
,200,,1.0,4,8,6,5,2,306
1.0,138,,1.0,8,11,7,4,1,307
1.0,162,1.0,1.0,2,10,6,6,2,308
3.0,88,,2.0,3,2,6,10,1,309
3.0,104,3.0,3.0,5,2,4,10,0,310
0.0,137,0.0,0.0,10,3,6,3,0,311
1.0,134,,1.0,3,10,9,3,1,312
1.0,114,1.0,1.0,4,10,2,2,3,313
1.0,146,1.0,1.0,4,12,3,7,3,314
1.0,90,,1.0,3,10,2,2,2,315
2.0,131,,2.0,3,3,11,2,0,316
2.0,99,,1.0,4,5,10,3,0,317
1.0,138,0.0,1.0,9,10,4,9,1,318
3.0,108,,3.0,4,6,2,10,3,319
0.0,113,,2.0,10,3,9,5,1,320
3.0,140,,0.0,8,4,5,10,3,321
,200,3.0,2.0,5,2,7,9,1,322
2.0,151,2.0,2.0,4,4,11,4,0,323
3.0,136,,0.0,4,4,4,12,3,324
3.0,148,3.0,2.0,4,3,9,10,2,325
,200,0.0,0.0,9,3,8,6,3,326
1.0,118,,1.0,2,13,2,3,3,327
2.0,151,,1.0,8,5,10,2,0,328
2.0,163,3.0,2.0,6,4,11,8,2,329
0.0,125,,0.0,10,3,5,6,3,330
2.0,71,3.0,2.0,2,2,10,5,2,331
2.0,135,,1.0,3,9,10,3,2,332
2.0,131,2.0,2.0,3,6,10,2,1,333
2.0,159,1.0,2.0,5,7,10,2,2,334
3.0,112,2.0,3.0,3,4,6,10,2,335
0.0,149,2.0,2.0,10,3,6,8,3,336
3.0,132,,3.0,2,4,5,11,3,337
0.0,153,,0.0,10,3,4,5,0,338
,200,3.0,1.0,3,8,3,6,1,339
,200,1.0,3.0,7,7,2,7,3,340
2.0,147,,2.0,2,2,10,3,2,341
2.0,163,2.0,1.0,7,9,10,2,2,342
0.0,141,0.0,0.0,10,4,2,8,3,343
1.0,138,,1.0,2,11,5,4,2,344
3.0,116,1.0,3.0,7,8,3,12,3,345
2.0,79,0.0,2.0,5,4,10,4,2,346
3.0,160,3.0,3.0,7,3,4,10,2,347
,200,2.0,1.0,6,8,6,4,1,348
3.0,144,0.0,3.0,9,2,4,10,3,349
3.0,164,,2.0,7,7,7,11,2,350
3.0,96,2.0,3.0,3,3,8,11,3,351
2.0,127,2.0,3.0,4,6,10,8,2,352
1.0,46,,1.0,2,10,2,3,3,353
2.0,135,2.0,2.0,4,3,10,2,0,354
0.0,113,0.0,0.0,10,4,2,4,0,355
,200,,0.0,7,4,2,5,3,356
2.0,75,2.0,2.0,2,5,10,3,2,357
0.0,113,,0.0,10,4,3,2,0,358
3.0,168,3.0,2.0,4,6,7,10,3,359
3.0,120,3.0,1.0,7,6,2,10,3,360
0.0,89,,0.0,10,2,6,4,2,361
,200,1.0,1.0,6,9,4,7,1,362
2.0,67,,,3,3,10,2,2,363
1.0,122,0.0,1.0,7,10,4,5,2,364
,200,2.0,,6,2,5,2,0,365
2.0,79,,2.0,4,3,10,2,2,366
0.0,89,0.0,0.0,11,3,4,4,1,367
1.0,158,1.0,2.0,7,10,4,9,3,368
2.0,91,2.0,2.0,2,4,10,2,2,369
1.0,74,,1.0,3,10,2,6,1,370
,200,,0.0,6,2,2,2,0,371
0.0,73,0.0,2.0,11,3,6,2,2,372
3.0,164,,0.0,8,3,9,10,2,373
3.0,168,3.0,0.0,6,3,9,10,0,374
2.0,127,,2.0,2,9,10,6,2,375
0.0,145,,0.0,10,4,5,7,1,376
3.0,104,,3.0,6,2,5,10,0,377
3.0,144,,0.0,7,9,5,10,3,378
1.0,62,,1.0,3,10,7,4,2,379
2.0,199,2.0,3.0,4,5,10,7,2,380
3.0,120,,3.0,6,4,3,11,3,381
2.0,163,,2.0,2,5,10,2,2,382
2.0,103,0.0,0.0,8,2,10,2,3,383
2.0,127,1.0,2.0,3,6,10,4,2,384
2.0,135,2.0,2.0,3,4,10,5,0,385
2.0,91,1.0,0.0,5,6,10,5,1,386
0.0,113,3.0,0.0,10,5,4,8,0,387
0.0,141,0.0,0.0,10,3,6,3,2,388
1.0,166,2.0,1.0,4,10,5,6,3,389
2.0,163,1.0,1.0,2,9,11,7,2,390
0.0,137,,0.0,11,4,6,2,0,391
1.0,102,,1.0,9,10,2,4,1,392
0.0,85,,1.0,10,8,3,6,1,393
3.0,124,3.0,3.0,5,3,6,11,0,394
2.0,55,,2.0,2,3,10,3,3,395
0.0,141,,0.0,10,4,3,4,2,396
1.0,102,1.0,0.0,6,10,3,3,2,397
1.0,158,0.0,3.0,9,10,7,7,3,398
2.0,103,2.0,2.0,7,2,10,4,0,399
1.0,130,,3.0,5,10,4,6,0,400
0.0,145,,0.0,10,6,2,3,1,401
1.0,118,,0.0,8,10,2,7,3,402
3.0,100,,3.0,4,2,3,10,0,403
2.0,143,2.0,2.0,5,7,11,5,0,404
3.0,128,,3.0,4,4,4,10,3,405
3.0,120,2.0,1.0,2,9,4,10,1,406
1.0,78,,1.0,5,10,2,2,1,407
3.0,92,,3.0,3,6,2,10,3,408
1.0,114,0.0,1.0,5,10,4,4,1,409
2.0,59,2.0,2.0,3,2,10,4,3,410
,200,2.0,0.0,8,6,9,7,0,411
2.0,119,2.0,2.0,3,2,11,8,3,412
1.0,82,1.0,1.0,7,10,3,3,2,413
2.0,155,,2.0,3,6,11,6,3,414
,200,,1.0,4,4,7,6,3,415
0.0,121,,1.0,10,9,7,4,2,416
,200,,2.0,6,6,7,9,3,417
0.0,129,0.0,0.0,11,8,2,4,1,418
3.0,112,,3.0,3,5,2,10,3,419
1.0,106,2.0,1.0,3,11,9,4,3,420
3.0,104,3.0,3.0,6,3,2,13,1,421
3.0,144,,3.0,2,5,4,10,3,422
3.0,124,,3.0,2,3,6,10,3,423
,200,0.0,2.0,8,4,8,6,2,424
3.0,152,3.0,3.0,3,6,4,10,2,425
1.0,54,,1.0,2,10,4,3,1,426
3.0,116,,3.0,2,3,6,10,3,427
0.0,157,,3.0,10,5,6,8,3,428
3.0,112,,3.0,3,3,2,10,3,429
3.0,92,,3.0,3,3,2,10,3,430
0.0,121,,0.0,11,4,2,5,0,431
,200,,0.0,9,4,2,4,0,432
1.0,102,,1.0,3,10,2,2,1,433
2.0,75,,2.0,4,5,10,3,2,434
0.0,97,0.0,0.0,12,2,6,2,2,435
0.0,113,,0.0,10,4,3,7,3,436
2.0,83,,2.0,4,5,10,4,2,437
2.0,107,,1.0,2,7,10,2,2,438
2.0,99,,1.0,5,5,10,3,1,439
2.0,123,0.0,1.0,7,4,10,2,2,440
1.0,98,,1.0,3,11,4,4,1,441
,200,,3.0,3,2,5,7,3,442
1.0,194,1.0,3.0,6,10,4,9,3,443
0.0,117,0.0,1.0,10,7,2,2,1,444
1.0,146,,1.0,3,10,2,2,1,445
0.0,193,1.0,0.0,10,7,8,8,2,446
2.0,71,,3.0,2,2,10,4,3,447
2.0,143,0.0,1.0,6,6,10,6,2,448
1.0,86,,1.0,2,10,2,3,1,449
0.0,193,0.0,3.0,10,5,4,9,3,450
0.0,173,0.0,2.0,11,4,7,4,1,451
0.0,141,0.0,0.0,10,4,4,2,2,452
2.0,155,,1.0,7,8,10,7,3,453
0.0,177,3.0,0.0,10,4,4,5,0,454
2.0,103,2.0,2.0,3,6,10,2,1,455
3.0,124,,3.0,3,3,2,10,3,456
1.0,66,1.0,0.0,5,10,3,2,1,457
2.0,155,2.0,2.0,6,2,10,8,0,458
1.0,134,,1.0,2,10,6,2,1,459
3.0,168,3.0,2.0,2,4,8,11,1,460
1.0,78,1.0,1.0,3,10,7,4,2,461
3.0,68,,3.0,2,2,4,10,2,462
3.0,104,,0.0,5,5,2,10,1,463
1.0,170,,1.0,5,10,3,5,1,464
0.0,173,,0.0,10,2,3,5,0,465
3.0,112,,3.0,3,2,4,11,3,466
,200,0.0,2.0,5,4,9,6,2,467
0.0,157,,2.0,10,3,5,5,2,468
2.0,131,,2.0,5,2,10,2,0,469
0.0,105,,1.0,10,6,2,3,0,470
,200,1.0,2.0,4,6,8,8,3,471
0.0,133,,0.0,10,3,3,4,0,472
3.0,80,3.0,3.0,3,2,3,10,1,473
,200,,0.0,6,4,7,5,0,474
1.0,94,,1.0,2,10,2,2,1,475
3.0,136,,0.0,5,4,5,10,2,476
3.0,172,2.0,3.0,3,6,9,10,1,477
3.0,124,1.0,3.0,2,7,2,10,0,478
0.0,169,2.0,2.0,10,3,9,6,0,479
1.0,154,3.0,1.0,2,10,4,7,1,480
1.0,142,0.0,1.0,7,10,6,4,2,481
2.0,139,,2.0,2,3,10,6,2,482
0.0,129,,0.0,10,4,2,2,1,483
1.0,178,,2.0,4,10,7,2,1,484
3.0,144,,3.0,3,4,6,10,3,485
2.0,139,,2.0,2,7,10,4,2,486
3.0,148,,3.0,2,5,2,10,3,487
2.0,87,,2.0,2,2,10,6,2,488
2.0,159,2.0,0.0,7,6,12,3,0,489
1.0,174,1.0,2.0,8,12,5,6,0,490
3.0,84,3.0,3.0,2,2,3,10,2,491
0.0,137,,0.0,10,3,2,6,0,492
0.0,149,0.0,0.0,11,3,4,5,2,493
2.0,155,,2.0,5,3,10,3,2,494
3.0,152,,3.0,2,4,2,11,3,495
1.0,186,2.0,1.0,3,11,5,5,1,496
1.0,110,3.0,0.0,8,10,2,7,0,497
2.0,119,2.0,3.0,8,4,10,7,2,498
1.0,106,,1.0,2,11,2,4,1,499
2.0,135,,2.0,2,3,10,2,2,500
0.0,153,,0.0,10,4,4,2,0,501
0.0,125,,0.0,11,3,4,5,0,502
1.0,170,,3.0,2,10,5,9,3,503
2.0,75,,2.0,2,4,11,3,2,504
3.0,132,,3.0,2,3,2,11,3,505
3.0,124,3.0,3.0,3,2,4,10,3,506
,200,,0.0,5,7,4,4,0,507
,200,,3.0,4,5,2,5,1,508
0.0,125,0.0,0.0,11,4,3,4,3,509
2.0,115,,2.0,2,7,10,8,1,510
2.0,151,2.0,3.0,5,5,10,8,3,511
0.0,69,,0.0,11,2,2,6,3,512
1.0,98,1.0,1.0,4,10,4,5,0,513
0.0,101,0.0,0.0,10,4,4,2,0,514
,200,,0.0,7,2,4,4,0,515
3.0,84,,3.0,2,4,2,10,2,516
1.0,114,,1.0,3,10,7,4,2,517
1.0,102,,1.0,5,10,2,3,0,518
2.0,59,,2.0,2,3,10,2,2,519
0.0,193,,0.0,10,3,4,6,3,520
1.0,118,,1.0,5,10,3,2,2,521
3.0,192,3.0,1.0,5,6,3,11,1,522
1.0,74,,3.0,3,10,4,4,2,523
3.0,104,3.0,2.0,2,3,9,10,2,524
0.0,133,,0.0,10,4,4,5,0,525
3.0,136,,3.0,3,7,5,10,2,526
0.0,97,0.0,0.0,10,6,3,3,3,527
3.0,196,,1.0,3,4,2,10,3,528
1.0,94,,1.0,2,10,4,2,1,529
2.0,123,2.0,2.0,3,2,10,7,2,530
2.0,135,,2.0,3,2,11,3,2,531
1.0,142,1.0,2.0,3,10,6,6,0,532
0.0,165,2.0,3.0,10,9,8,8,3,533
1.0,174,1.0,0.0,8,10,8,3,0,534
,200,1.0,1.0,7,9,5,5,3,535
0.0,173,3.0,2.0,10,5,6,8,0,536
2.0,199,,1.0,3,8,10,2,2,537
2.0,135,2.0,3.0,4,4,10,6,0,538
,200,3.0,2.0,4,4,7,6,1,539
2.0,151,0.0,0.0,9,5,11,2,0,540
,200,,3.0,3,5,2,6,3,541
0.0,117,0.0,0.0,11,5,3,2,2,542
1.0,86,,1.0,4,10,4,3,1,543
3.0,184,,3.0,3,5,4,11,3,544
2.0,127,,2.0,4,4,10,3,1,545
2.0,91,2.0,2.0,2,4,10,3,2,546
1.0,162,,1.0,3,10,6,4,1,547
2.0,199,,2.0,7,5,10,8,2,548
1.0,122,2.0,0.0,9,11,4,6,0,549
0.0,117,,0.0,10,2,6,2,2,550
2.0,87,,0.0,7,2,10,2,0,551
3.0,164,,0.0,5,3,6,10,2,552
3.0,128,,1.0,3,8,3,10,0,553
3.0,160,3.0,0.0,6,2,3,10,0,554
0.0,93,,0.0,10,7,2,3,0,555
1.0,130,,2.0,5,11,8,7,3,556
2.0,187,,2.0,5,5,10,9,3,557
3.0,76,,0.0,6,2,2,10,0,558
2.0,159,2.0,1.0,2,8,11,6,3,559
3.0,108,,3.0,6,2,3,10,3,560
3.0,100,3.0,2.0,4,5,9,10,0,561
1.0,142,,1.0,9,10,2,3,1,562
2.0,151,,0.0,7,5,10,3,2,563
1.0,190,1.0,1.0,3,10,5,6,1,564
0.0,105,1.0,0.0,10,7,3,2,0,565
1.0,158,1.0,1.0,3,10,7,8,2,566
1.0,86,,1.0,2,10,3,3,1,567
1.0,142,,1.0,4,10,5,6,3,568
,200,0.0,2.0,5,8,6,5,2,569
2.0,111,,2.0,4,2,10,7,3,570
3.0,148,3.0,0.0,5,5,7,10,0,571
3.0,104,1.0,0.0,7,4,5,10,3,572
3.0,160,,0.0,6,5,2,10,3,573
2.0,175,2.0,2.0,6,4,10,4,0,574
3.0,200,3.0,0.0,6,5,2,10,0,575
2.0,115,2.0,1.0,4,6,10,4,3,576
2.0,107,,2.0,4,2,11,3,3,577
0.0,117,2.0,0.0,10,2,6,4,0,578
0.0,177,0.0,0.0,10,5,6,5,3,579
0.0,89,,0.0,11,2,3,3,2,580
1.0,98,1.0,1.0,8,10,3,1,0,581
3.0,96,3.0,3.0,5,3,5,10,3,582
,200,,0.0,8,4,7,4,1,583
0.0,117,0.0,2.0,10,4,8,6,2,584
2.0,111,0.0,2.0,4,2,10,3,2,585
1.0,122,,1.0,2,11,2,2,1,586
3.0,104,,3.0,4,4,4,10,0,587
0.0,153,,0.0,10,3,3,3,3,588
0.0,109,,0.0,10,2,3,2,0,589
2.0,151,3.0,0.0,9,2,11,7,0,590
2.0,95,2.0,1.0,4,6,10,2,1,591
2.0,151,0.0,1.0,6,9,10,4,1,592
3.0,120,3.0,3.0,4,3,4,10,0,593
1.0,70,,0.0,6,10,4,4,2,594
3.0,176,3.0,3.0,3,4,3,11,2,595
3.0,92,,3.0,2,2,4,10,3,596
3.0,128,3.0,3.0,5,5,4,10,3,597
2.0,83,,0.0,6,4,10,4,0,598
1.0,138,1.0,1.0,7,10,4,6,0,599
0.0,109,0.0,0.0,11,4,3,2,0,600
1.0,106,1.0,1.0,6,12,3,2,0,601
0.0,169,,0.0,11,3,5,2,0,602
2.0,87,,2.0,5,4,10,3,2,603
3.0,116,3.0,1.0,3,7,5,10,2,604
1.0,138,3.0,0.0,9,10,7,8,1,605
3.0,132,,3.0,7,3,3,10,3,606
1.0,150,1.0,1.0,6,10,2,2,0,607
3.0,156,,3.0,2,6,4,12,3,608
1.0,82,,1.0,4,10,3,2,2,609
2.0,199,0.0,2.0,7,2,10,6,3,610
0.0,133,2.0,0.0,10,5,6,4,0,611
3.0,140,3.0,0.0,6,3,5,10,0,612
1.0,110,1.0,1.0,5,10,2,3,0,613
3.0,152,0.0,3.0,7,6,5,10,1,614
3.0,148,0.0,3.0,5,3,2,10,3,615
1.0,66,,1.0,2,10,4,2,3,616
1.0,126,0.0,0.0,9,11,3,2,1,617
0.0,129,0.0,0.0,10,2,3,4,3,618
3.0,128,3.0,0.0,7,4,2,10,0,619
0.0,81,0.0,0.0,11,3,4,3,2,620
3.0,168,,3.0,7,3,2,10,3,621
1.0,166,0.0,1.0,7,10,4,5,0,622
1.0,198,1.0,0.0,6,10,3,2,0,623
,200,,0.0,8,6,7,6,1,624
0.0,101,,0.0,10,2,5,4,2,625
,200,0.0,1.0,6,7,4,7,1,626
0.0,121,0.0,0.0,11,4,7,4,2,627
0.0,125,,0.0,10,8,2,2,0,628
3.0,136,,3.0,7,6,2,12,3,629
0.0,113,,0.0,10,3,7,3,2,630
2.0,139,,2.0,4,6,13,6,3,631
1.0,138,1.0,0.0,8,10,4,6,3,632
1.0,98,,1.0,4,10,2,4,1,633
2.0,59,,2.0,2,3,11,3,2,634
1.0,106,,0.0,9,10,4,2,1,635
2.0,103,,2.0,4,3,10,2,2,636
0.0,133,2.0,0.0,10,2,5,4,0,637
0.0,145,1.0,0.0,10,7,4,6,0,638
1.0,118,,1.0,8,10,5,5,2,639
1.0,102,2.0,1.0,5,10,7,2,0,640
0.0,113,1.0,0.0,10,6,3,3,0,641
1.0,94,1.0,1.0,4,10,3,2,0,642
1.0,166,2.0,1.0,3,10,8,4,1,643
3.0,116,3.0,1.0,3,6,2,10,3,644
1.0,126,,1.0,2,10,4,3,3,645
2.0,131,,2.0,7,2,10,4,2,646
2.0,107,,2.0,4,2,10,4,0,647
1.0,110,,0.0,9,10,3,2,2,648
0.0,121,,0.0,11,2,3,4,0,649
2.0,91,2.0,2.0,7,4,10,4,1,650
1.0,182,1.0,1.0,6,11,6,4,0,651
1.0,130,,1.0,3,10,4,2,1,652
,200,1.0,0.0,5,8,4,4,3,653
3.0,180,3.0,0.0,4,7,5,10,1,654
1.0,178,,1.0,4,10,6,4,1,655
3.0,148,0.0,2.0,5,4,8,10,3,656
2.0,107,,2.0,2,4,10,3,2,657
3.0,92,3.0,3.0,3,4,2,10,3,658
0.0,125,,3.0,10,4,4,4,1,659
3.0,96,,3.0,2,2,6,10,3,660
2.0,143,1.0,3.0,6,9,10,4,0,661
1.0,134,,1.0,5,11,7,8,3,662
0.0,165,,3.0,11,4,7,6,1,663
2.0,167,2.0,2.0,3,2,11,6,2,664
1.0,130,1.0,1.0,2,11,2,4,3,665
2.0,139,2.0,2.0,6,5,10,3,0,666
2.0,107,,0.0,4,5,10,3,1,667
0.0,125,0.0,0.0,11,3,9,2,0,668
0.0,109,0.0,0.0,11,3,6,3,2,669
3.0,132,,3.0,3,2,2,10,3,670
0.0,125,0.0,0.0,10,5,4,6,2,671
3.0,96,1.0,3.0,2,7,3,10,1,672
3.0,168,2.0,1.0,6,7,6,10,1,673
2.0,151,,1.0,3,8,10,7,1,674
1.0,146,2.0,0.0,8,10,4,5,1,675
0.0,149,0.0,0.0,10,6,4,6,1,676
1.0,90,1.0,1.0,3,10,3,3,1,677
0.0,153,,0.0,10,5,6,8,0,678
3.0,116,3.0,,2,2,3,10,3,679
,200,3.0,1.0,5,7,6,7,2,680
2.0,147,2.0,3.0,9,7,10,7,1,681
1.0,98,1.0,1.0,4,10,2,8,3,682
2.0,183,,2.0,4,7,10,2,1,683
2.0,103,0.0,3.0,5,2,10,8,2,684
1.0,138,,1.0,4,10,2,6,1,685
0.0,69,0.0,0.0,10,2,2,2,0,686
0.0,165,,0.0,10,5,4,4,0,687
1.0,162,2.0,1.0,5,10,9,6,1,688
0.0,61,,0.0,10,3,2,4,3,689
0.0,157,0.0,3.0,10,5,5,5,1,690
1.0,142,0.0,0.0,9,10,6,2,2,691
2.0,99,,2.0,2,5,11,2,1,692
3.0,140,3.0,1.0,3,9,4,10,1,693
1.0,150,1.0,2.0,4,10,7,3,1,694
3.0,80,3.0,3.0,2,3,2,10,3,695
2.0,123,2.0,2.0,8,4,10,6,3,696
2.0,123,2.0,2.0,5,2,10,6,3,697
0.0,93,,0.0,11,4,2,4,1,698
1.0,162,1.0,1.0,2,10,8,3,2,699
3.0,184,,3.0,3,4,9,10,3,700
3.0,112,,3.0,4,5,4,10,3,701
2.0,147,,1.0,7,8,10,6,1,702
1.0,142,1.0,3.0,3,10,5,8,3,703
,200,,2.0,4,2,9,3,2,704
0.0,101,,0.0,10,2,7,3,0,705
0.0,197,3.0,0.0,10,8,6,7,2,706
0.0,117,,0.0,10,3,6,4,2,707
2.0,79,,2.0,2,3,10,2,3,708
,200,,0.0,8,7,2,3,0,709
0.0,129,,0.0,10,3,4,3,0,710
3.0,112,3.0,3.0,3,2,2,10,3,711
0.0,129,0.0,1.0,10,5,8,2,0,712
3.0,160,3.0,3.0,6,5,6,11,3,713
1.0,106,1.0,3.0,5,10,4,6,0,714
0.0,105,,0.0,11,2,4,2,0,715
1.0,190,3.0,1.0,3,10,6,6,1,716
2.0,99,2.0,1.0,4,7,10,2,1,717
3.0,96,,3.0,3,3,4,10,3,718
3.0,128,3.0,3.0,3,3,5,11,3,719
2.0,123,,0.0,6,6,10,5,3,720
2.0,91,0.0,2.0,7,3,10,2,2,721
3.0,120,,3.0,7,4,3,10,1,722
3.0,132,3.0,2.0,2,4,7,10,2,723
2.0,59,,2.0,4,2,10,2,2,724
1.0,126,1.0,1.0,6,10,2,7,3,725
,200,,1.0,3,8,3,4,1,726
1.0,190,1.0,1.0,2,10,4,5,1,727
0.0,165,,0.0,10,4,3,5,0,728
2.0,123,,3.0,4,2,10,5,3,729
3.0,116,,3.0,2,2,5,10,3,730
2.0,139,,2.0,3,2,10,4,2,731
2.0,191,2.0,2.0,2,3,10,9,3,732
1.0,142,,3.0,7,10,6,8,3,733
1.0,98,,1.0,3,10,5,2,3,734
3.0,88,,3.0,2,2,2,10,3,735
2.0,179,,0.0,6,7,10,2,2,736
1.0,122,,1.0,2,10,3,6,3,737
1.0,98,1.0,1.0,2,10,2,5,3,738
3.0,148,0.0,3.0,6,4,4,10,3,739
0.0,137,2.0,0.0,10,2,9,2,2,740
1.0,194,,2.0,4,11,7,6,0,741
2.0,103,2.0,2.0,3,3,10,6,3,742
3.0,120,,1.0,6,8,4,10,3,743
1.0,98,1.0,3.0,2,10,4,8,3,744
0.0,141,,0.0,10,7,4,5,1,745
3.0,192,3.0,0.0,6,8,2,10,1,746
2.0,75,,2.0,2,3,10,2,2,747
3.0,96,,3.0,2,2,2,10,3,748
3.0,148,,3.0,8,5,3,10,0,749
1.0,126,,1.0,3,11,3,7,2,750
3.0,68,,3.0,3,2,3,10,0,751
0.0,157,,0.0,10,5,2,2,0,752
2.0,147,3.0,2.0,2,9,10,5,2,753
2.0,143,,2.0,2,6,11,2,1,754
0.0,153,,0.0,10,9,7,5,0,755
2.0,107,2.0,2.0,4,3,11,2,2,756
,200,0.0,1.0,9,4,4,6,0,757
3.0,144,,1.0,2,7,4,10,2,758
1.0,122,,1.0,3,10,2,2,1,759
0.0,105,,0.0,10,2,5,4,0,760
0.0,89,,0.0,10,2,5,2,0,761
1.0,130,1.0,3.0,4,10,6,8,0,762
1.0,130,1.0,1.0,4,10,2,4,3,763
3.0,124,3.0,3.0,2,8,3,10,1,764
,200,,0.0,9,4,6,7,0,765
0.0,161,,1.0,10,6,6,4,2,766
3.0,100,3.0,3.0,3,5,2,10,1,767
2.0,43,,2.0,2,2,11,2,2,768
1.0,62,1.0,1.0,2,12,2,2,1,769
1.0,158,3.0,3.0,2,11,5,9,2,770
2.0,95,2.0,2.0,2,3,10,6,3,771
0.0,137,,0.0,10,3,2,3,0,772
2.0,91,2.0,2.0,4,2,10,3,3,773
2.0,103,,3.0,6,4,10,5,0,774
3.0,180,0.0,3.0,8,8,5,11,2,775
3.0,48,,3.0,3,4,3,10,1,776
3.0,88,,3.0,3,5,5,10,3,777
,200,,1.0,8,9,7,6,1,778
0.0,193,0.0,0.0,11,4,4,6,3,779
0.0,133,0.0,0.0,10,2,6,4,0,780
0.0,89,,0.0,10,3,5,2,0,781
3.0,80,1.0,1.0,2,7,4,10,3,782
1.0,122,,1.0,7,10,4,6,1,783
,200,3.0,2.0,2,4,6,5,2,784
3.0,132,3.0,3.0,6,4,2,10,1,785
2.0,111,,0.0,8,3,10,4,3,786
0.0,57,,0.0,10,4,3,2,1,787
3.0,152,2.0,2.0,5,2,9,10,3,788
,200,2.0,0.0,7,3,6,3,0,789
3.0,92,,3.0,4,5,2,10,3,790
3.0,140,,3.0,3,2,7,10,2,791
2.0,103,,2.0,2,3,10,4,2,792
2.0,107,2.0,2.0,4,3,10,2,1,793
1.0,130,3.0,2.0,3,10,7,6,0,794
2.0,99,,2.0,4,2,10,2,2,795
2.0,147,2.0,2.0,6,3,10,6,3,796
,200,1.0,2.0,6,8,7,2,2,797
2.0,123,,2.0,3,2,10,6,2,798
3.0,136,,1.0,4,6,6,10,2,799
,200,,2.0,8,8,5,2,1,800
,200,,2.0,7,4,9,8,2,801
1.0,110,,1.0,6,11,3,3,0,802
3.0,140,3.0,3.0,3,6,7,11,2,803
0.0,105,0.0,0.0,10,4,5,3,0,804
3.0,172,,2.0,6,2,7,12,2,805
2.0,87,2.0,1.0,4,6,10,4,1,806
2.0,147,2.0,2.0,7,4,12,6,0,807
1.0,86,1.0,1.0,2,10,3,2,1,808
2.0,75,,2.0,3,3,10,2,2,809
1.0,106,1.0,1.0,4,11,2,5,3,810
2.0,111,2.0,2.0,5,4,10,2,2,811
2.0,91,,0.0,8,2,10,2,1,812
2.0,119,3.0,2.0,6,2,10,6,3,813
,200,,0.0,7,3,3,5,0,814
2.0,51,,2.0,2,5,10,2,2,815
1.0,94,,1.0,5,10,2,2,2,816
1.0,150,1.0,0.0,4,10,3,6,0,817
1.0,170,1.0,3.0,4,10,8,8,3,818
1.0,194,1.0,2.0,4,10,6,6,2,819
0.0,113,0.0,0.0,10,5,4,4,0,820
2.0,75,2.0,3.0,3,2,10,5,3,821
0.0,77,,0.0,10,2,2,2,0,822
1.0,102,,1.0,7,10,6,6,2,823
2.0,63,2.0,2.0,2,2,10,4,3,824
2.0,91,,2.0,2,3,10,4,2,825
,200,,2.0,3,8,9,5,1,826
1.0,142,,1.0,8,10,4,3,1,827
0.0,125,,0.0,10,4,2,4,0,828
2.0,95,,2.0,4,4,10,4,0,829
0.0,97,0.0,0.0,10,3,4,7,3,830
1.0,126,,1.0,4,11,4,6,3,831
1.0,90,,0.0,8,10,2,4,0,832
1.0,94,1.0,0.0,5,10,2,4,0,833
1.0,190,,1.0,9,10,7,5,2,834
1.0,54,,1.0,3,10,2,3,3,835
1.0,54,,1.0,3,10,2,2,1,836
0.0,57,,0.0,10,2,2,3,0,837
1.0,110,,1.0,8,10,3,3,1,838
,200,,0.0,7,2,9,6,2,839
1.0,118,,3.0,6,10,3,9,3,840
0.0,85,0.0,0.0,11,2,2,6,3,841
1.0,162,,0.0,7,10,3,8,0,842
0.0,129,,0.0,10,4,2,2,0,843
0.0,173,1.0,1.0,10,9,4,4,0,844
1.0,102,2.0,1.0,2,10,8,3,1,845
3.0,164,1.0,3.0,5,7,4,10,2,846
3.0,100,3.0,3.0,5,2,5,11,2,847
1.0,102,,1.0,3,10,2,5,1,848
,200,,1.0,4,4,8,9,3,849
0.0,61,,0.0,10,2,3,3,3,850
0.0,177,,2.0,11,9,8,2,1,851
2.0,75,2.0,2.0,4,3,10,2,2,852
0.0,73,,0.0,10,4,2,2,1,853
1.0,162,,1.0,8,10,4,4,1,854
2.0,67,,2.0,4,3,11,3,2,855
0.0,189,0.0,2.0,10,4,7,9,3,856
3.0,96,,3.0,2,4,3,10,3,857
2.0,179,0.0,2.0,6,2,10,7,0,858
3.0,124,,3.0,3,7,4,10,3,859
2.0,155,,2.0,2,2,10,7,3,860
,200,3.0,0.0,5,2,7,6,2,861
2.0,159,1.0,2.0,9,7,10,7,2,862
3.0,160,,3.0,4,5,2,12,1,863
0.0,121,0.0,0.0,10,6,2,3,1,864
2.0,183,,0.0,6,3,10,2,0,865
2.0,91,1.0,2.0,4,5,10,2,1,866
0.0,89,2.0,0.0,10,2,8,2,2,867
2.0,107,,2.0,3,3,10,2,2,868
3.0,88,3.0,0.0,6,4,5,10,0,869
2.0,119,2.0,2.0,5,4,10,5,3,870
3.0,80,3.0,3.0,2,2,5,10,1,871
1.0,86,,1.0,2,10,6,2,1,872
0.0,109,0.0,3.0,10,2,4,7,3,873
1.0,126,1.0,0.0,9,10,2,5,0,874
1.0,194,1.0,2.0,7,10,9,8,2,875
1.0,70,,1.0,2,10,2,3,1,876
0.0,133,,0.0,10,3,8,3,0,877
,200,0.0,0.0,8,6,2,4,3,878
,200,0.0,0.0,7,3,6,2,2,879
1.0,98,3.0,1.0,3,10,7,5,1,880
,200,,0.0,7,9,4,4,2,881
1.0,110,,1.0,2,10,2,4,1,882
2.0,111,,2.0,3,2,10,3,2,883
1.0,158,3.0,1.0,3,10,7,8,2,884
,200,0.0,2.0,5,2,4,5,3,885
3.0,152,3.0,3.0,2,9,9,10,2,886
1.0,174,,0.0,7,10,8,6,1,887
2.0,163,,0.0,5,3,10,3,0,888
2.0,123,,2.0,4,9,10,2,1,889
3.0,80,,3.0,3,3,2,10,3,890
3.0,136,3.0,3.0,8,3,3,10,0,891
3.0,168,,0.0,7,5,4,10,0,892
0.0,89,,0.0,10,2,4,2,2,893
3.0,124,,3.0,4,3,4,10,3,894
3.0,92,,3.0,3,3,2,10,0,895
1.0,146,1.0,3.0,4,12,4,5,1,896
3.0,128,3.0,3.0,2,5,6,13,2,897
3.0,112,3.0,,4,2,7,10,1,898
3.0,112,3.0,0.0,8,4,6,10,0,899
0.0,93,0.0,0.0,10,6,3,2,1,900
3.0,104,,3.0,5,2,4,10,3,901
2.0,111,0.0,2.0,5,2,10,4,3,902
1.0,154,,1.0,4,11,6,4,2,903
1.0,122,1.0,1.0,4,10,7,4,0,904
0.0,189,2.0,0.0,10,6,9,5,3,905
0.0,141,,0.0,11,6,4,1,0,906
2.0,159,1.0,2.0,9,7,10,6,2,907
3.0,76,3.0,3.0,2,2,4,10,2,908
1.0,126,,1.0,5,11,2,4,1,909
2.0,63,,2.0,2,3,10,2,2,910
0.0,153,2.0,2.0,10,5,9,8,3,911
3.0,108,,3.0,4,2,6,11,0,912
1.0,142,0.0,1.0,7,10,5,6,1,913
2.0,163,1.0,2.0,7,9,10,4,2,914
2.0,179,0.0,2.0,7,8,10,6,1,915
2.0,103,,1.0,3,9,10,5,1,916
0.0,65,,0.0,10,2,2,5,3,917
0.0,189,0.0,2.0,11,3,5,4,1,918
3.0,136,1.0,3.0,7,8,4,10,3,919
2.0,91,,2.0,6,2,10,3,2,920
2.0,167,1.0,2.0,6,8,10,2,2,921
2.0,131,2.0,3.0,2,2,10,8,3,922
1.0,130,,3.0,3,10,4,9,1,923
0.0,157,2.0,0.0,10,4,9,4,0,924
1.0,130,0.0,1.0,7,10,2,3,2,925
3.0,172,3.0,3.0,4,5,4,10,0,926
0.0,129,1.0,0.0,11,4,2,4,3,927
3.0,180,3.0,0.0,9,7,7,11,0,928
0.0,173,1.0,0.0,10,7,5,2,0,929
1.0,150,,1.0,4,10,5,5,1,930
0.0,161,0.0,0.0,11,6,6,5,1,931
2.0,67,,2.0,2,3,10,3,2,932
3.0,132,3.0,3.0,3,2,6,11,3,933
0.0,189,3.0,0.0,10,6,4,5,1,934
2.0,83,2.0,2.0,2,5,11,2,2,935
1.0,126,,1.0,7,10,7,3,2,936
0.0,169,0.0,0.0,10,2,5,4,0,937
3.0,88,3.0,3.0,2,2,3,11,3,938
1.0,138,,2.0,3,10,8,4,2,939
3.0,136,,3.0,6,4,6,10,2,940
0.0,133,,0.0,10,2,2,6,0,941
2.0,95,,2.0,3,2,11,6,0,942
1.0,82,1.0,1.0,3,10,2,3,1,943
2.0,163,,0.0,9,3,10,5,2,944
0.0,105,,0.0,10,2,3,2,0,945
0.0,97,,0.0,10,3,3,3,0,946
,200,,1.0,7,6,7,3,2,947
1.0,186,1.0,0.0,7,10,8,4,2,948
,200,0.0,3.0,9,2,7,6,3,949
3.0,116,3.0,0.0,7,2,2,10,0,950
2.0,115,2.0,2.0,2,4,11,4,1,951
,200,,0.0,7,5,6,5,2,952
0.0,105,2.0,3.0,10,2,8,6,0,953
1.0,138,3.0,1.0,3,10,4,7,1,954
0.0,157,0.0,0.0,10,3,6,4,2,955
1.0,98,0.0,1.0,9,10,3,2,3,956
3.0,132,,3.0,2,4,5,10,2,957
2.0,123,,2.0,5,2,10,3,2,958
0.0,73,,0.0,10,3,3,2,0,959
2.0,147,0.0,2.0,9,4,10,6,2,960
1.0,154,1.0,0.0,9,10,5,4,0,961
0.0,77,0.0,0.0,10,4,2,3,2,962
2.0,95,,3.0,2,3,10,5,2,963
3.0,92,3.0,2.0,4,3,8,11,2,964
,200,1.0,3.0,6,5,5,8,0,965
2.0,111,,2.0,2,2,10,4,2,966
2.0,143,,1.0,4,8,10,2,1,967
2.0,115,1.0,2.0,2,8,11,3,2,968
1.0,126,,1.0,4,10,5,3,0,969
1.0,122,,1.0,4,10,4,3,1,970
2.0,111,,2.0,5,6,10,6,3,971
2.0,171,2.0,0.0,5,6,10,4,1,972
2.0,111,,2.0,2,3,10,2,1,973
3.0,108,3.0,3.0,4,2,4,10,0,974
1.0,150,1.0,1.0,4,11,2,8,1,975
2.0,103,,2.0,4,2,10,3,3,976
1.0,78,,1.0,4,10,6,3,1,977
,200,2.0,1.0,2,6,4,4,3,978
0.0,97,0.0,0.0,10,2,6,3,0,979
3.0,116,1.0,2.0,3,6,9,10,2,980
2.0,67,,2.0,5,3,10,2,0,981
1.0,86,1.0,3.0,2,10,2,6,3,982
0.0,137,0.0,0.0,12,3,3,5,0,983
2.0,99,,1.0,4,8,10,3,1,984
3.0,136,3.0,3.0,2,2,9,10,3,985
3.0,92,3.0,2.0,6,4,6,10,1,986
3.0,128,,3.0,3,9,4,10,1,987
0.0,89,,0.0,10,2,2,4,0,988
,200,,2.0,3,6,9,5,2,989
0.0,129,0.0,0.0,10,2,6,3,0,990
1.0,198,,1.0,5,11,2,6,2,991
3.0,100,1.0,2.0,2,8,8,10,3,992
2.0,111,,2.0,5,4,12,2,2,993
1.0,154,1.0,3.0,4,11,6,9,1,994
1.0,122,,1.0,3,10,4,4,1,995
0.0,193,,0.0,10,2,6,4,2,996
2.0,187,2.0,1.0,3,7,11,7,1,997
1.0,98,,1.0,4,10,6,2,0,998
3.0,92,,3.0,4,5,2,10,1,999
0.0,145,0.0,0.0,10,4,9,2,1,1000
0.0,105,3.0,0.0,10,3,2,7,3,1001
0.0,149,2.0,0.0,10,8,8,4,2,1002
1.0,94,1.0,1.0,4,10,7,5,2,1003
3.0,88,3.0,3.0,4,4,5,10,3,1004
2.0,127,,2.0,8,5,10,2,2,1005
3.0,180,3.0,0.0,7,6,5,10,0,1006
3.0,108,3.0,0.0,8,3,2,11,0,1007
2.0,131,,0.0,4,3,11,4,2,1008
1.0,98,3.0,1.0,5,11,2,8,1,1009
2.0,119,,2.0,7,4,10,2,1,1010
1.0,150,1.0,1.0,2,10,6,8,2,1011
0.0,109,,0.0,10,2,3,7,3,1012
0.0,109,,0.0,10,2,3,3,3,1013
0.0,149,,2.0,10,5,5,4,0,1014
3.0,96,,3.0,6,2,6,10,3,1015
3.0,124,0.0,3.0,5,5,6,10,2,1016
1.0,154,,1.0,5,11,9,4,1,1017
3.0,80,,3.0,3,2,3,10,3,1018
3.0,128,2.0,3.0,2,4,5,10,3,1019
3.0,136,3.0,0.0,7,5,4,10,3,1020
3.0,80,,3.0,4,2,5,10,3,1021
1.0,118,,1.0,5,10,4,2,1,1022
2.0,79,,2.0,3,7,10,3,3,1023
0.0,85,,0.0,10,3,2,4,0,1024
2.0,99,,3.0,2,4,10,4,2,1025
1.0,90,,1.0,3,10,4,5,3,1026
1.0,138,,1.0,4,10,7,5,2,1027
0.0,169,2.0,0.0,10,9,8,6,0,1028
3.0,120,3.0,3.0,2,8,4,10,2,1029
1.0,78,,1.0,2,10,2,5,1,1030
3.0,164,,3.0,6,7,5,10,3,1031
,200,,1.0,5,4,2,5,0,1032
0.0,157,1.0,0.0,11,5,4,4,3,1033
3.0,116,,3.0,6,2,2,10,0,1034
1.0,150,,0.0,6,10,6,2,0,1035
1.0,138,0.0,1.0,9,10,2,5,1,1036
2.0,127,,2.0,7,4,10,3,2,1037
1.0,98,,1.0,5,10,3,2,1,1038
2.0,99,2.0,2.0,4,4,10,2,2,1039
0.0,117,,0.0,10,4,3,3,2,1040
1.0,90,,1.0,2,10,3,4,2,1041
1.0,110,1.0,1.0,4,10,2,2,0,1042
1.0,166,,1.0,6,11,6,4,0,1043
0.0,121,0.0,2.0,10,6,7,4,2,1044
0.0,157,,0.0,11,8,5,3,2,1045
1.0,138,2.0,1.0,2,11,5,4,1,1046
2.0,143,2.0,2.0,2,5,10,7,3,1047
,200,0.0,1.0,5,6,2,2,1,1048
3.0,112,1.0,3.0,2,6,7,10,2,1049
0.0,89,,0.0,11,4,5,6,2,1050
2.0,95,0.0,3.0,6,3,10,5,2,1051
1.0,94,1.0,1.0,3,10,3,2,1,1052
3.0,192,,2.0,3,8,9,10,2,1053
3.0,120,,3.0,5,3,3,10,3,1054
2.0,47,,2.0,2,3,10,3,3,1055
1.0,178,,1.0,5,10,3,7,1,1056
3.0,144,,3.0,2,3,3,10,3,1057
,200,,2.0,2,6,6,4,2,1058
0.0,133,3.0,0.0,10,2,5,8,0,1059
0.0,129,,0.0,12,2,2,4,0,1060
1.0,170,,1.0,6,10,4,4,1,1061
3.0,100,0.0,3.0,5,4,3,10,3,1062
3.0,180,2.0,0.0,7,5,7,10,0,1063
1.0,150,2.0,1.0,5,10,7,6,1,1064
0.0,121,1.0,3.0,11,8,3,8,3,1065
1.0,98,1.0,1.0,4,10,2,4,3,1066
1.0,90,,1.0,2,10,4,2,1,1067
3.0,92,,3.0,3,4,2,10,3,1068
0.0,53,,0.0,10,2,3,4,0,1069
0.0,73,,0.0,10,4,2,4,0,1070
2.0,187,2.0,0.0,6,7,10,5,1,1071
0.0,141,,0.0,10,3,4,7,0,1072
0.0,117,0.0,0.0,10,2,4,2,0,1073
1.0,62,,1.0,2,10,2,2,1,1074
1.0,166,,1.0,4,10,3,6,1,1075
0.0,93,,0.0,10,3,3,2,0,1076
1.0,114,,1.0,5,10,4,7,2,1077
2.0,191,0.0,1.0,8,9,10,6,2,1078
2.0,83,,2.0,7,4,10,2,2,1079
3.0,148,3.0,3.0,4,4,5,10,2,1080
3.0,76,3.0,2.0,2,2,6,10,2,1081
0.0,113,,1.0,10,8,5,3,0,1082
0.0,173,,2.0,10,4,5,2,0,1083
0.0,173,3.0,0.0,11,7,2,9,1,1084
1.0,110,1.0,1.0,2,10,2,3,1,1085
1.0,174,,0.0,9,10,4,4,0,1086
0.0,161,,0.0,10,7,2,3,1,1087
2.0,87,,2.0,3,2,10,2,2,1088
2.0,123,2.0,2.0,7,8,10,4,0,1089
2.0,127,2.0,3.0,5,7,11,5,1,1090
3.0,96,,3.0,2,3,2,10,3,1091
2.0,79,,2.0,2,3,10,4,3,1092
2.0,127,,2.0,7,4,10,5,2,1093
0.0,77,0.0,1.0,10,5,4,2,0,1094
0.0,57,,0.0,11,3,2,4,1,1095
1.0,186,2.0,1.0,4,10,9,3,1,1096
0.0,161,1.0,0.0,10,7,4,3,2,1097
1.0,154,1.0,1.0,7,10,5,4,0,1098
0.0,125,,0.0,10,6,4,6,2,1099
0.0,137,,3.0,10,2,4,9,3,1100
3.0,84,,0.0,6,6,3,11,3,1101
,200,3.0,0.0,9,5,7,9,1,1102
0.0,113,,0.0,11,2,6,3,0,1103
1.0,142,,1.0,9,10,5,2,1,1104
3.0,132,,0.0,6,3,6,10,0,1105
1.0,122,1.0,1.0,2,10,3,4,2,1106
2.0,83,2.0,2.0,3,4,10,2,2,1107
1.0,86,1.0,0.0,6,10,3,2,1,1108
3.0,132,,0.0,5,2,2,10,3,1109
3.0,116,3.0,0.0,7,4,2,10,2,1110
3.0,104,,3.0,4,4,3,10,0,1111
2.0,107,0.0,2.0,7,2,10,8,0,1112
3.0,168,3.0,0.0,6,9,5,10,0,1113
1.0,138,,2.0,9,10,9,4,0,1114
3.0,140,3.0,3.0,6,5,8,10,2,1115
1.0,70,,1.0,3,10,4,2,2,1116
1.0,98,1.0,1.0,5,10,4,6,0,1117
3.0,140,0.0,3.0,6,4,2,10,3,1118
3.0,112,,1.0,2,9,5,10,1,1119
0.0,81,,0.0,10,4,3,3,0,1120
2.0,111,,2.0,2,3,10,3,2,1121
3.0,136,1.0,3.0,5,7,2,10,3,1122
2.0,171,,0.0,9,8,10,3,2,1123
1.0,190,2.0,0.0,9,10,9,2,1,1124
3.0,124,3.0,3.0,3,2,4,10,0,1125
,200,0.0,1.0,8,5,2,4,1,1126
,200,,3.0,4,4,4,7,2,1127
,200,3.0,1.0,5,8,3,7,1,1128
1.0,134,1.0,3.0,8,10,2,7,1,1129
0.0,73,,0.0,11,3,3,2,0,1130
3.0,164,,3.0,7,3,3,10,3,1131
3.0,128,,3.0,4,4,2,10,3,1132
2.0,75,,2.0,2,2,10,4,2,1133
2.0,95,,2.0,3,2,10,4,0,1134
0.0,117,,0.0,10,5,4,5,0,1135
0.0,181,2.0,0.0,10,3,8,5,2,1136
3.0,120,3.0,2.0,2,4,7,10,2,1137
,200,2.0,2.0,4,4,6,3,1,1138
0.0,137,,0.0,10,3,2,3,0,1139
,200,2.0,3.0,4,3,8,9,0,1140
,200,3.0,2.0,4,2,7,9,2,1141
1.0,110,1.0,1.0,3,10,3,2,1,1142
1.0,122,1.0,1.0,4,10,7,6,3,1143
2.0,103,,2.0,4,4,10,2,2,1144
2.0,147,0.0,3.0,6,6,10,9,1,1145
1.0,162,1.0,1.0,4,10,4,3,3,1146
1.0,170,1.0,2.0,3,10,8,8,2,1147
3.0,176,3.0,0.0,8,4,8,10,3,1148
3.0,192,,2.0,4,3,4,10,3,1149
1.0,138,,1.0,8,10,7,5,1,1150
3.0,116,3.0,3.0,5,4,3,10,2,1151
2.0,119,2.0,1.0,3,4,10,2,3,1152
1.0,86,,1.0,2,10,3,4,2,1153
3.0,120,,3.0,6,4,2,10,3,1154
1.0,82,,1.0,2,10,4,5,3,1155
2.0,99,,2.0,2,6,10,2,0,1156
0.0,113,,0.0,10,2,3,2,1,1157
0.0,113,0.0,0.0,11,2,2,2,1,1158
0.0,165,0.0,0.0,11,7,7,5,0,1159
2.0,111,1.0,2.0,4,5,10,2,2,1160
2.0,91,,2.0,3,9,10,3,1,1161
2.0,123,2.0,1.0,3,9,10,5,1,1162
2.0,155,2.0,1.0,4,6,11,3,2,1163
1.0,150,1.0,1.0,4,10,5,3,0,1164
3.0,96,3.0,3.0,5,4,5,11,2,1165
2.0,83,,2.0,4,3,10,6,3,1166
3.0,112,,2.0,6,4,4,10,3,1167
3.0,116,,3.0,8,6,6,10,1,1168
2.0,107,,2.0,3,3,10,4,3,1169
2.0,83,2.0,2.0,2,4,10,2,0,1170
0.0,73,0.0,0.0,12,2,3,3,0,1171
0.0,85,0.0,2.0,10,2,6,4,2,1172
3.0,172,3.0,1.0,3,6,6,11,2,1173
3.0,148,3.0,1.0,6,5,4,11,2,1174
0.0,149,,0.0,10,4,5,2,3,1175
1.0,98,,1.0,2,10,3,3,1,1176
3.0,116,3.0,3.0,2,4,3,10,1,1177
3.0,108,3.0,2.0,2,3,6,10,3,1178
0.0,77,,0.0,10,3,2,2,0,1179
1.0,94,,1.0,4,11,6,4,0,1180
1.0,150,3.0,2.0,4,10,6,4,1,1181
,200,,0.0,4,6,2,6,1,1182
3.0,132,3.0,2.0,4,3,7,10,0,1183
3.0,168,3.0,1.0,9,5,2,10,1,1184
0.0,117,0.0,3.0,10,6,2,6,3,1185
1.0,46,,1.0,3,10,2,2,3,1186
1.0,150,,3.0,3,10,3,8,3,1187
1.0,74,1.0,1.0,3,10,6,2,0,1188
0.0,129,0.0,0.0,10,7,4,8,3,1189
0.0,117,,1.0,10,5,4,3,2,1190
2.0,91,,2.0,5,4,10,2,1,1191
0.0,141,0.0,2.0,10,4,9,6,2,1192
0.0,137,,0.0,11,6,3,8,0,1193
0.0,165,0.0,0.0,10,8,5,3,2,1194
1.0,162,0.0,0.0,9,10,8,5,3,1195
1.0,146,,2.0,5,10,6,3,1,1196
2.0,87,2.0,1.0,4,7,10,3,3,1197
2.0,103,2.0,2.0,4,2,10,7,0,1198
1.0,78,,0.0,4,10,5,2,1,1199
1.0,134,1.0,1.0,4,10,3,5,1,1200
,200,0.0,1.0,5,8,3,5,1,1201
0.0,113,0.0,0.0,10,2,4,4,0,1202
2.0,95,,0.0,9,5,10,3,2,1203
3.0,164,0.0,3.0,7,4,3,10,3,1204
1.0,134,,1.0,4,10,4,8,3,1205
2.0,83,2.0,2.0,3,5,10,5,1,1206
1.0,118,1.0,1.0,2,10,6,4,1,1207
0.0,93,,0.0,11,2,3,3,0,1208
1.0,70,1.0,1.0,2,10,2,4,0,1209
2.0,115,,2.0,2,5,10,2,2,1210
2.0,107,,2.0,4,3,13,5,2,1211
2.0,107,,0.0,6,3,10,5,0,1212
2.0,75,,2.0,5,2,10,3,2,1213
3.0,120,,3.0,4,2,2,10,3,1214
,200,0.0,0.0,8,3,8,4,3,1215
2.0,127,2.0,1.0,2,8,10,2,1,1216
2.0,103,,3.0,2,2,10,5,2,1217
2.0,87,2.0,2.0,2,4,10,2,1,1218
3.0,100,,3.0,2,7,2,10,3,1219
0.0,113,2.0,3.0,10,2,5,9,3,1220
0.0,101,,0.0,10,3,3,5,0,1221
0.0,97,,0.0,11,3,9,3,0,1222
2.0,79,,2.0,2,4,10,3,2,1223
,200,3.0,1.0,3,6,6,9,2,1224
0.0,137,,3.0,10,6,3,7,0,1225
0.0,173,1.0,0.0,10,9,8,6,0,1226
0.0,149,3.0,0.0,10,4,6,9,3,1227
0.0,89,2.0,0.0,10,2,7,8,3,1228
3.0,140,,2.0,4,4,6,10,3,1229
3.0,76,3.0,0.0,5,2,3,10,3,1230
1.0,150,2.0,1.0,6,10,7,4,1,1231
2.0,159,,3.0,3,6,10,4,1,1232
1.0,106,,1.0,4,10,5,2,0,1233
2.0,139,2.0,2.0,3,4,10,4,0,1234
3.0,156,,3.0,7,3,6,11,2,1235
2.0,91,0.0,2.0,7,3,10,4,1,1236
1.0,122,,1.0,2,10,2,3,1,1237
1.0,138,1.0,3.0,4,12,3,8,3,1238
3.0,148,,0.0,6,3,2,10,3,1239
0.0,129,,0.0,10,4,7,3,0,1240
3.0,88,3.0,1.0,3,4,4,10,2,1241
3.0,84,,3.0,2,2,3,10,3,1242
2.0,139,,2.0,3,7,10,5,2,1243
2.0,131,2.0,2.0,6,4,11,3,2,1244
1.0,134,1.0,1.0,5,10,2,5,0,1245
1.0,94,,1.0,2,10,4,2,1,1246
1.0,146,1.0,1.0,7,10,8,4,2,1247
1.0,142,,2.0,4,10,9,6,3,1248
1.0,126,2.0,1.0,5,10,7,3,1,1249
2.0,71,,2.0,4,4,10,3,2,1250
3.0,160,,1.0,4,7,4,10,1,1251
0.0,73,,0.0,10,3,2,3,1,1252
1.0,78,,1.0,3,10,7,3,1,1253
2.0,195,,0.0,8,5,10,9,1,1254
2.0,163,2.0,1.0,2,8,10,5,1,1255
0.0,77,0.0,0.0,10,4,2,2,1,1256
1.0,146,1.0,1.0,3,10,4,3,1,1257
0.0,125,,0.0,11,5,5,4,0,1258
1.0,110,3.0,1.0,2,10,4,4,1,1259
3.0,108,,3.0,2,2,4,10,3,1260
0.0,185,1.0,0.0,11,8,6,3,0,1261
2.0,75,,2.0,3,2,10,2,2,1262
0.0,113,,0.0,10,7,4,3,0,1263
3.0,120,2.0,3.0,3,5,6,10,3,1264
0.0,113,0.0,0.0,11,2,7,3,0,1265
2.0,71,,2.0,2,2,10,2,2,1266
3.0,100,,3.0,4,4,4,10,3,1267
2.0,119,2.0,2.0,6,2,10,3,2,1268
1.0,150,,1.0,2,10,8,7,1,1269
3.0,196,2.0,1.0,7,6,7,10,3,1270
3.0,84,3.0,3.0,5,3,2,10,3,1271
3.0,80,,1.0,3,4,4,11,3,1272
2.0,95,2.0,1.0,4,5,10,2,2,1273
2.0,139,0.0,2.0,7,5,11,4,2,1274
2.0,147,0.0,3.0,9,3,10,6,2,1275
0.0,89,2.0,0.0,10,2,7,2,0,1276
0.0,121,,0.0,10,5,5,3,0,1277
0.0,153,,0.0,10,7,5,4,0,1278
2.0,71,2.0,2.0,2,4,10,4,1,1279
,200,2.0,1.0,2,4,9,3,2,1280
0.0,181,0.0,0.0,10,5,9,3,2,1281
0.0,105,0.0,0.0,10,3,2,4,3,1282
1.0,126,,1.0,4,10,4,4,2,1283
3.0,96,,3.0,2,5,2,10,3,1284
3.0,120,3.0,0.0,9,3,6,10,2,1285
2.0,147,2.0,2.0,6,3,10,8,0,1286
3.0,172,,1.0,6,5,8,10,2,1287
2.0,119,1.0,0.0,9,6,10,5,2,1288
2.0,199,2.0,3.0,2,5,10,6,3,1289
2.0,103,2.0,2.0,2,2,10,6,2,1290
0.0,129,0.0,1.0,10,6,3,6,1,1291
2.0,131,,2.0,3,4,10,3,0,1292
1.0,122,,1.0,5,10,6,6,1,1293
3.0,88,3.0,3.0,6,2,4,12,3,1294
2.0,107,,3.0,6,3,10,9,2,1295
0.0,81,0.0,0.0,10,3,3,2,0,1296
1.0,134,0.0,0.0,8,10,4,7,0,1297
3.0,120,3.0,3.0,3,3,2,10,3,1298
2.0,95,,2.0,2,4,10,4,3,1299
3.0,128,3.0,3.0,3,5,6,10,2,1300
1.0,130,,1.0,2,11,4,4,1,1301
0.0,61,,0.0,10,2,4,3,0,1302
2.0,107,2.0,1.0,4,6,10,3,0,1303
3.0,108,0.0,1.0,4,8,4,11,1,1304
2.0,155,,2.0,3,3,10,2,2,1305
2.0,111,2.0,2.0,8,4,11,2,0,1306
,200,2.0,0.0,8,3,5,5,3,1307
,200,2.0,1.0,6,4,6,4,3,1308
3.0,88,3.0,3.0,5,4,2,10,0,1309
2.0,79,,2.0,3,3,10,3,2,1310
3.0,140,,3.0,5,3,2,10,3,1311
3.0,80,,3.0,2,8,2,10,1,1312
2.0,67,1.0,0.0,4,6,10,4,0,1313
0.0,69,,0.0,10,2,5,3,0,1314
2.0,111,2.0,1.0,7,5,10,6,3,1315
2.0,99,2.0,2.0,3,2,10,3,3,1316
1.0,90,1.0,1.0,3,10,3,2,0,1317
1.0,150,,1.0,3,11,3,6,3,1318
2.0,135,2.0,3.0,2,2,10,9,3,1319
0.0,105,2.0,0.0,10,7,7,3,0,1320
3.0,148,,3.0,4,8,7,10,0,1321
3.0,160,2.0,3.0,6,8,9,12,1,1322
1.0,118,,3.0,2,10,3,6,3,1323
1.0,90,,1.0,3,10,5,6,0,1324
1.0,90,,1.0,4,10,4,3,2,1325
3.0,168,,1.0,8,8,3,10,3,1326
0.0,133,0.0,0.0,10,2,6,2,2,1327
1.0,174,1.0,3.0,4,10,4,9,3,1328
3.0,124,1.0,0.0,4,8,2,10,3,1329
3.0,92,3.0,3.0,2,2,4,10,2,1330
2.0,95,2.0,2.0,5,4,10,5,3,1331
0.0,185,,0.0,12,2,5,4,0,1332
1.0,154,,1.0,3,10,4,9,1,1333
3.0,176,2.0,3.0,7,5,9,10,3,1334
3.0,172,2.0,3.0,3,3,7,10,3,1335
0.0,125,0.0,2.0,10,3,8,2,2,1336
2.0,147,1.0,3.0,9,4,10,4,2,1337
0.0,53,,1.0,10,6,3,3,1,1338
1.0,198,1.0,1.0,2,10,7,5,2,1339
2.0,111,,2.0,2,4,10,3,2,1340
2.0,127,2.0,2.0,6,2,11,2,0,1341
2.0,123,,1.0,4,5,10,3,0,1342
1.0,134,1.0,3.0,4,10,6,5,1,1343
1.0,66,,1.0,2,10,2,2,1,1344
0.0,113,0.0,0.0,12,2,2,2,0,1345
0.0,73,0.0,0.0,10,2,6,2,2,1346
2.0,91,,2.0,2,3,10,2,2,1347
,200,2.0,0.0,8,2,6,2,0,1348
3.0,132,3.0,3.0,6,2,3,10,0,1349
2.0,71,,2.0,5,5,10,4,1,1350
3.0,124,1.0,3.0,5,8,5,10,0,1351
2.0,75,,2.0,2,4,10,2,1,1352
0.0,173,,0.0,10,4,2,4,0,1353
0.0,77,0.0,0.0,10,2,2,5,3,1354
0.0,69,1.0,0.0,10,4,2,7,0,1355
3.0,132,3.0,0.0,6,4,3,10,1,1356
3.0,88,,3.0,2,3,4,10,0,1357
1.0,122,3.0,1.0,3,10,4,7,1,1358
3.0,96,3.0,2.0,4,4,5,10,1,1359
1.0,126,1.0,3.0,3,10,3,4,1,1360
1.0,134,1.0,1.0,2,11,8,4,2,1361
,200,1.0,0.0,7,7,5,4,0,1362
1.0,126,,1.0,3,12,3,3,1,1363
1.0,82,,0.0,4,10,7,2,2,1364
2.0,67,,2.0,2,4,10,3,2,1365
,200,0.0,3.0,6,8,3,9,3,1366
2.0,135,2.0,3.0,7,4,10,4,0,1367
,200,0.0,1.0,8,7,8,3,2,1368
1.0,146,3.0,1.0,4,10,7,8,1,1369
2.0,87,,2.0,2,2,10,2,2,1370
1.0,114,,1.0,3,10,4,4,1,1371
0.0,101,,3.0,11,2,2,8,3,1372
,200,,1.0,5,9,6,5,2,1373
0.0,97,,1.0,10,8,3,6,1,1374
2.0,123,2.0,2.0,9,4,10,5,0,1375
3.0,124,3.0,3.0,3,3,7,10,0,1376
2.0,119,,3.0,6,6,10,8,3,1377
3.0,184,,3.0,6,5,5,10,2,1378
2.0,151,0.0,1.0,8,9,10,5,0,1379
2.0,107,2.0,2.0,4,8,11,3,2,1380
,200,0.0,3.0,8,4,6,7,1,1381
,200,3.0,3.0,7,2,6,7,0,1382
2.0,131,2.0,2.0,4,4,10,4,2,1383
0.0,141,0.0,0.0,11,4,7,4,2,1384
1.0,114,1.0,1.0,3,10,6,2,3,1385
1.0,146,1.0,0.0,6,10,7,3,0,1386
1.0,134,,2.0,2,10,9,4,2,1387
0.0,125,,2.0,10,8,8,6,3,1388
1.0,118,1.0,1.0,4,10,4,6,0,1389
1.0,86,1.0,1.0,2,10,2,4,3,1390
1.0,178,1.0,3.0,9,10,4,5,3,1391
1.0,86,,1.0,4,10,2,7,1,1392
2.0,103,2.0,2.0,2,4,10,2,1,1393
,200,,2.0,6,2,4,4,3,1394
3.0,72,3.0,3.0,5,2,3,13,3,1395
2.0,103,0.0,0.0,8,3,10,6,3,1396
0.0,89,0.0,0.0,10,3,4,3,2,1397
0.0,105,,3.0,10,3,3,6,1,1398
3.0,88,,1.0,3,7,2,10,1,1399
2.0,191,3.0,0.0,6,5,10,9,2,1400
1.0,170,,1.0,3,10,4,4,2,1401
0.0,165,0.0,0.0,11,5,4,7,3,1402
1.0,118,1.0,1.0,3,10,7,8,1,1403
1.0,62,1.0,1.0,3,10,4,4,2,1404
0.0,113,2.0,0.0,10,4,9,3,0,1405
0.0,69,,,10,4,4,7,1,1406
0.0,129,,0.0,11,6,4,2,2,1407
2.0,107,0.0,2.0,4,4,11,2,2,1408
3.0,128,3.0,3.0,4,3,5,10,3,1409
3.0,108,2.0,3.0,3,2,7,10,2,1410
0.0,137,1.0,2.0,10,6,9,3,2,1411
3.0,116,,3.0,2,4,4,10,3,1412
3.0,84,,3.0,2,2,2,10,3,1413
1.0,74,1.0,1.0,5,10,2,2,1,1414
3.0,112,,1.0,2,7,4,10,3,1415
1.0,126,2.0,1.0,3,10,9,9,1,1416
1.0,98,1.0,1.0,3,10,7,4,1,1417
2.0,191,2.0,2.0,2,4,10,5,2,1418
0.0,77,0.0,0.0,10,3,2,2,0,1419
1.0,66,1.0,1.0,3,12,4,4,1,1420
3.0,184,3.0,3.0,9,8,6,10,1,1421
1.0,166,0.0,1.0,9,10,2,9,0,1422
0.0,113,0.0,2.0,10,2,5,3,3,1423
1.0,82,1.0,1.0,2,11,2,2,1,1424
1.0,174,,1.0,4,10,3,7,1,1425
0.0,133,0.0,3.0,10,5,3,8,2,1426
0.0,121,2.0,0.0,10,5,5,2,1,1427
3.0,144,,1.0,3,8,2,10,1,1428
0.0,117,0.0,0.0,11,6,3,3,0,1429
2.0,67,,2.0,2,3,10,2,2,1430
2.0,163,2.0,1.0,6,6,10,8,0,1431
,200,,1.0,5,4,4,3,0,1432
1.0,134,1.0,1.0,6,10,2,7,3,1433
2.0,103,1.0,2.0,2,5,10,4,3,1434
2.0,155,,2.0,3,5,10,3,2,1435
1.0,154,,1.0,7,10,5,5,1,1436
0.0,85,,0.0,10,2,3,6,0,1437
3.0,64,,3.0,5,5,2,10,0,1438
3.0,112,,0.0,4,4,2,10,3,1439
0.0,169,0.0,0.0,11,2,7,9,0,1440
2.0,127,,2.0,2,2,12,2,2,1441
2.0,183,,2.0,5,7,11,4,1,1442
0.0,121,,0.0,10,5,3,4,0,1443
2.0,107,,1.0,2,6,10,4,3,1444
3.0,132,,2.0,2,3,6,10,2,1445
0.0,77,,0.0,11,4,2,2,1,1446
2.0,135,1.0,2.0,4,8,10,7,2,1447
3.0,100,,3.0,3,2,3,10,3,1448
0.0,141,0.0,1.0,10,5,3,4,2,1449
2.0,135,2.0,2.0,3,6,10,3,0,1450
0.0,129,,0.0,10,4,6,4,3,1451
3.0,160,3.0,2.0,6,4,7,10,3,1452
,200,2.0,3.0,8,8,8,9,1,1453
1.0,146,,1.0,2,11,6,4,2,1454
2.0,127,2.0,2.0,4,3,10,4,3,1455
0.0,81,,0.0,10,3,3,4,2,1456
0.0,141,0.0,0.0,10,4,3,2,1,1457
0.0,145,0.0,1.0,10,6,3,2,1,1458
1.0,74,1.0,1.0,2,10,3,3,2,1459
1.0,106,1.0,3.0,4,10,2,6,3,1460
,200,2.0,1.0,8,9,9,8,1,1461
2.0,83,2.0,2.0,6,4,12,2,0,1462
1.0,138,0.0,1.0,7,10,3,4,1,1463
1.0,134,,1.0,4,11,5,3,1,1464
3.0,196,3.0,0.0,7,9,4,10,1,1465
3.0,88,3.0,3.0,7,2,3,10,0,1466
,200,,2.0,3,6,5,5,1,1467
2.0,195,,1.0,4,9,10,7,2,1468
3.0,120,,3.0,6,4,2,11,3,1469
0.0,113,,0.0,10,3,3,3,0,1470
3.0,128,3.0,3.0,4,4,2,10,1,1471
1.0,102,1.0,1.0,5,10,4,6,3,1472
2.0,147,2.0,1.0,2,7,11,3,2,1473
0.0,145,,0.0,10,3,3,3,0,1474
1.0,86,,1.0,6,10,4,3,0,1475
1.0,110,,0.0,7,10,2,6,1,1476
2.0,91,2.0,3.0,2,4,10,5,0,1477
2.0,99,,2.0,4,3,10,4,2,1478
1.0,86,1.0,1.0,2,10,4,4,0,1479
2.0,67,2.0,2.0,2,3,11,4,2,1480
2.0,139,2.0,0.0,6,3,10,4,0,1481
1.0,182,1.0,0.0,7,10,4,3,3,1482
1.0,138,,0.0,9,10,3,4,1,1483
3.0,124,1.0,0.0,9,8,4,10,3,1484
0.0,125,,3.0,10,3,4,7,0,1485
0.0,161,0.0,0.0,11,4,8,2,0,1486
2.0,143,2.0,3.0,3,2,10,8,2,1487
0.0,89,,0.0,10,4,4,2,2,1488
2.0,151,2.0,3.0,4,4,11,6,1,1489
2.0,103,1.0,1.0,3,8,10,2,2,1490
1.0,62,,1.0,2,10,4,2,2,1491
2.0,127,1.0,1.0,2,9,10,9,2,1492
1.0,122,1.0,1.0,7,10,8,6,0,1493
,200,,2.0,6,3,8,3,2,1494
3.0,200,0.0,3.0,7,6,4,10,3,1495
0.0,85,0.0,0.0,10,2,4,2,0,1496
3.0,140,,3.0,4,9,7,10,3,1497
0.0,169,0.0,1.0,10,9,9,9,2,1498
1.0,130,,0.0,9,10,5,3,0,1499
2.0,67,,2.0,2,2,10,4,3,1500
0.0,117,0.0,3.0,10,7,3,7,3,1501
2.0,159,,2.0,3,6,10,4,3,1502
0.0,145,,0.0,10,7,8,4,0,1503
0.0,97,0.0,0.0,10,3,2,2,0,1504
1.0,182,1.0,2.0,9,11,7,8,0,1505
0.0,141,,0.0,10,2,7,7,0,1506
3.0,136,2.0,2.0,6,2,7,10,3,1507
1.0,138,1.0,1.0,4,11,5,4,3,1508
1.0,90,,0.0,7,10,5,2,1,1509
1.0,86,1.0,1.0,4,10,2,2,3,1510
0.0,113,0.0,0.0,10,5,3,6,1,1511
2.0,163,,2.0,3,4,10,4,2,1512
,200,,0.0,6,4,5,5,0,1513
1.0,142,,0.0,7,10,5,5,3,1514
1.0,94,,1.0,2,10,4,8,3,1515
1.0,134,1.0,1.0,2,10,2,2,0,1516
1.0,126,,1.0,3,10,3,4,0,1517
1.0,182,1.0,2.0,7,10,5,6,0,1518
1.0,86,,1.0,2,10,2,7,1,1519
1.0,114,,1.0,2,10,4,7,1,1520
0.0,141,,1.0,10,7,2,8,3,1521
3.0,156,0.0,1.0,7,9,7,11,3,1522
3.0,160,0.0,3.0,5,3,6,10,2,1523
2.0,147,0.0,2.0,6,3,10,7,2,1524
1.0,118,,1.0,3,11,4,3,1,1525
2.0,135,2.0,1.0,4,9,10,4,1,1526
0.0,149,,3.0,10,3,5,8,3,1527
1.0,110,,1.0,3,10,2,5,3,1528
1.0,90,,1.0,2,10,9,3,3,1529
2.0,171,,2.0,2,3,10,4,3,1530
1.0,154,,1.0,3,10,2,6,1,1531
1.0,122,,1.0,2,10,3,3,1,1532
1.0,154,,1.0,4,10,7,6,1,1533
1.0,194,3.0,1.0,4,10,4,4,1,1534
3.0,160,3.0,3.0,5,6,4,10,0,1535
2.0,79,,2.0,9,3,10,2,2,1536
0.0,129,,1.0,10,6,6,6,1,1537
2.0,119,2.0,2.0,4,5,10,4,0,1538
1.0,190,0.0,2.0,8,10,9,4,2,1539
1.0,126,1.0,1.0,2,10,4,4,3,1540
3.0,156,,3.0,9,2,8,10,2,1541
0.0,137,,3.0,10,3,5,6,0,1542
1.0,94,,1.0,3,11,5,3,2,1543
1.0,66,1.0,1.0,2,11,5,2,1,1544
3.0,172,,3.0,7,4,6,10,1,1545
1.0,130,2.0,1.0,2,10,4,3,1,1546
2.0,171,1.0,1.0,5,8,10,9,3,1547
1.0,166,,1.0,6,11,4,2,0,1548
2.0,163,1.0,2.0,4,8,11,4,2,1549
1.0,162,0.0,2.0,9,10,7,7,2,1550
2.0,143,0.0,2.0,6,7,10,5,2,1551
0.0,137,0.0,0.0,10,2,4,3,0,1552
1.0,102,,0.0,6,10,3,6,0,1553
0.0,109,1.0,0.0,10,5,6,3,1,1554
2.0,147,,2.0,4,4,10,2,2,1555
3.0,76,,3.0,2,3,3,10,3,1556
2.0,115,,2.0,6,8,10,2,0,1557
3.0,152,3.0,0.0,5,9,3,10,1,1558
0.0,101,0.0,3.0,11,2,2,6,3,1559
,200,2.0,1.0,6,4,8,4,0,1560
3.0,144,,3.0,7,4,9,10,2,1561
,200,0.0,0.0,8,8,6,3,0,1562
2.0,171,2.0,3.0,4,6,11,9,3,1563
0.0,133,,1.0,10,9,7,6,1,1564
3.0,44,,1.0,2,4,5,10,2,1565
0.0,101,,0.0,10,2,3,2,0,1566
1.0,106,,1.0,4,10,7,2,1,1567
2.0,123,,3.0,7,2,10,5,0,1568
0.0,193,,0.0,10,4,4,6,3,1569
1.0,54,,1.0,2,10,2,2,1,1570
3.0,144,,1.0,7,6,4,10,2,1571
,200,,0.0,6,4,2,6,3,1572
3.0,124,,3.0,4,2,6,11,3,1573
0.0,125,,0.0,10,8,4,6,3,1574
1.0,82,0.0,1.0,5,10,4,6,1,1575
3.0,144,,3.0,2,4,5,10,3,1576
2.0,139,,2.0,3,4,10,5,1,1577
2.0,111,,3.0,4,8,10,8,3,1578
3.0,92,,2.0,2,4,4,10,3,1579
1.0,162,0.0,1.0,8,10,6,8,2,1580
1.0,58,,1.0,2,10,2,2,1,1581
0.0,81,,0.0,10,4,6,2,2,1582
0.0,177,0.0,0.0,10,6,4,6,3,1583
1.0,174,,1.0,6,11,4,6,0,1584
3.0,96,,3.0,4,2,9,10,2,1585
0.0,149,1.0,1.0,10,9,4,7,0,1586
0.0,89,,1.0,10,6,6,2,1,1587
3.0,72,3.0,3.0,5,4,2,10,3,1588
0.0,101,,0.0,10,4,6,2,0,1589
1.0,178,1.0,2.0,3,10,8,6,2,1590
2.0,119,,2.0,4,2,11,6,3,1591
2.0,67,,2.0,2,4,10,4,3,1592
2.0,115,,2.0,3,4,10,3,2,1593
3.0,84,,3.0,5,2,5,10,3,1594
0.0,109,,0.0,10,2,4,6,0,1595
3.0,76,,3.0,2,3,2,10,3,1596
0.0,97,0.0,0.0,10,5,3,2,0,1597
0.0,101,,0.0,10,3,3,5,1,1598
2.0,99,2.0,2.0,6,2,10,3,0,1599
0.0,69,,0.0,10,4,2,6,0,1600
3.0,84,3.0,3.0,2,2,2,10,3,1601
3.0,88,,3.0,3,2,2,10,3,1602
0.0,153,0.0,0.0,10,8,7,4,2,1603
1.0,174,0.0,1.0,6,10,4,4,0,1604
1.0,82,,,3,10,2,3,0,1605
1.0,102,,1.0,2,10,6,4,2,1606
2.0,159,1.0,1.0,4,8,10,4,2,1607
2.0,115,,2.0,5,2,11,4,2,1608
0.0,53,,0.0,10,6,4,2,1,1609
3.0,108,3.0,3.0,3,5,6,10,1,1610
1.0,70,,1.0,3,10,2,3,1,1611
0.0,165,,0.0,11,2,4,2,0,1612
1.0,82,3.0,1.0,2,10,5,5,2,1613
0.0,101,,0.0,10,6,6,5,2,1614
,200,,0.0,8,4,3,4,0,1615
3.0,188,3.0,3.0,5,3,3,10,2,1616
2.0,63,,2.0,2,2,10,4,3,1617
,200,,0.0,7,6,2,8,3,1618
0.0,129,0.0,0.0,10,6,2,4,0,1619
,200,0.0,0.0,9,5,4,5,0,1620
3.0,84,,3.0,2,6,4,10,1,1621
3.0,104,,3.0,5,2,5,10,2,1622
2.0,135,2.0,1.0,3,7,10,3,1,1623
1.0,146,1.0,1.0,6,10,5,4,1,1624
1.0,134,,1.0,3,10,5,6,1,1625
0.0,65,,0.0,10,2,2,2,3,1626
0.0,113,0.0,1.0,10,9,4,2,1,1627
1.0,158,0.0,1.0,9,11,3,6,3,1628
,200,0.0,2.0,8,4,6,4,1,1629
2.0,83,,2.0,3,2,10,3,2,1630
3.0,92,3.0,3.0,2,2,3,11,3,1631
3.0,120,2.0,3.0,6,2,7,10,0,1632
3.0,156,,0.0,6,5,6,10,0,1633
0.0,157,,0.0,10,3,6,3,0,1634
,200,0.0,0.0,9,6,5,7,3,1635
1.0,82,1.0,1.0,3,13,2,2,0,1636
1.0,94,,1.0,5,11,3,2,0,1637
2.0,127,2.0,2.0,4,5,10,5,3,1638
1.0,114,,1.0,4,10,2,2,1,1639
0.0,69,,0.0,10,2,3,5,0,1640
0.0,137,,0.0,10,5,7,3,0,1641
3.0,128,,3.0,6,4,7,11,3,1642
2.0,183,2.0,2.0,6,7,10,3,2,1643
,200,1.0,3.0,7,8,2,8,0,1644
3.0,172,,0.0,9,4,2,10,0,1645
1.0,94,,1.0,4,10,5,4,1,1646
3.0,152,,3.0,4,2,6,10,3,1647
2.0,95,,2.0,3,2,12,3,2,1648
0.0,81,,0.0,10,2,3,3,0,1649
0.0,97,3.0,1.0,10,7,2,8,1,1650
0.0,109,,0.0,10,2,6,5,2,1651
1.0,166,1.0,2.0,4,10,8,3,2,1652
0.0,125,2.0,0.0,10,4,7,5,1,1653
1.0,98,1.0,1.0,3,10,5,4,2,1654
0.0,93,,0.0,10,2,3,2,0,1655
1.0,142,,1.0,3,12,3,5,1,1656
0.0,69,,0.0,10,3,3,4,0,1657
2.0,163,2.0,2.0,6,2,10,6,2,1658
2.0,107,,1.0,7,7,10,2,0,1659
1.0,154,1.0,1.0,4,10,3,4,2,1660
1.0,134,1.0,1.0,4,11,4,3,2,1661
0.0,45,,0.0,10,2,2,2,0,1662
1.0,126,,1.0,5,10,2,5,1,1663
0.0,121,,0.0,10,4,2,4,0,1664
0.0,97,,2.0,10,2,7,4,0,1665
3.0,144,3.0,2.0,3,4,6,10,3,1666
2.0,139,2.0,1.0,5,6,10,9,1,1667
1.0,130,3.0,3.0,4,10,4,8,0,1668
0.0,105,,0.0,10,4,5,6,3,1669
3.0,140,,2.0,2,6,8,10,2,1670
,200,0.0,2.0,9,3,5,4,3,1671
0.0,165,0.0,0.0,11,2,7,5,2,1672
3.0,104,,3.0,3,3,4,11,3,1673
3.0,116,,2.0,3,5,7,10,3,1674
3.0,164,,0.0,7,4,3,10,3,1675
2.0,127,2.0,2.0,3,4,10,8,3,1676
1.0,142,,1.0,5,10,5,4,2,1677
2.0,79,2.0,2.0,2,2,10,3,2,1678
3.0,120,3.0,3.0,3,3,6,11,2,1679
2.0,127,2.0,2.0,5,2,10,6,3,1680
1.0,82,0.0,1.0,9,10,4,7,3,1681
0.0,89,,0.0,10,2,2,2,0,1682
2.0,75,2.0,2.0,2,5,10,7,1,1683
0.0,177,,0.0,11,4,9,5,0,1684
0.0,121,,1.0,10,8,6,4,1,1685
1.0,138,0.0,1.0,5,10,3,2,1,1686
2.0,179,,2.0,9,4,10,3,2,1687
0.0,109,2.0,0.0,10,4,7,5,2,1688
1.0,126,1.0,1.0,2,10,3,4,3,1689
0.0,141,0.0,1.0,10,6,5,3,1,1690
3.0,88,3.0,3.0,4,3,2,11,3,1691
0.0,141,3.0,0.0,10,8,6,9,1,1692
0.0,145,,3.0,10,4,8,4,2,1693
0.0,133,0.0,1.0,10,8,8,5,3,1694
0.0,189,2.0,2.0,10,5,9,5,0,1695
2.0,79,,2.0,4,2,10,2,2,1696
0.0,85,3.0,0.0,11,2,5,4,2,1697
3.0,104,,0.0,8,3,4,10,0,1698
1.0,106,,0.0,5,10,3,3,1,1699
1.0,142,1.0,1.0,5,12,4,4,1,1700
3.0,156,1.0,3.0,5,8,4,10,3,1701
1.0,154,2.0,1.0,2,10,6,2,1,1702
2.0,107,2.0,1.0,3,5,10,8,3,1703
1.0,70,,1.0,3,10,4,2,1,1704
2.0,103,,2.0,7,6,10,4,2,1705
1.0,62,,0.0,4,10,3,2,1,1706
0.0,161,0.0,0.0,10,3,4,4,0,1707
3.0,188,2.0,3.0,6,9,9,10,3,1708
1.0,126,1.0,1.0,4,10,4,7,2,1709
2.0,139,,2.0,5,4,10,3,2,1710
1.0,114,,0.0,9,10,4,4,0,1711
1.0,146,,0.0,4,10,9,6,2,1712
1.0,194,,1.0,8,10,2,4,0,1713
2.0,159,2.0,3.0,3,2,10,6,3,1714
3.0,120,,2.0,7,7,9,10,3,1715
1.0,114,0.0,1.0,7,10,3,3,1,1716
1.0,106,,1.0,3,10,4,4,1,1717
1.0,118,1.0,1.0,5,10,3,2,2,1718
2.0,59,,2.0,2,2,10,3,2,1719
3.0,132,,2.0,4,7,5,10,3,1720
0.0,85,,0.0,10,2,3,3,3,1721
0.0,117,0.0,0.0,10,2,2,2,0,1722
0.0,109,,0.0,10,2,2,4,0,1723
1.0,134,3.0,2.0,7,10,9,7,1,1724
0.0,145,,0.0,11,4,4,4,0,1725
3.0,92,,3.0,2,3,2,12,3,1726
2.0,111,,1.0,2,9,10,9,2,1727
2.0,143,,2.0,4,5,10,6,2,1728
3.0,172,1.0,3.0,3,9,5,10,3,1729
0.0,125,1.0,0.0,10,7,5,3,2,1730
1.0,194,1.0,2.0,3,10,7,4,2,1731
0.0,149,,0.0,11,5,2,2,0,1732
1.0,158,1.0,0.0,6,11,3,4,0,1733
3.0,152,3.0,3.0,2,4,3,10,0,1734
1.0,74,1.0,1.0,2,10,4,2,1,1735
0.0,105,0.0,0.0,12,5,4,3,2,1736
2.0,83,2.0,2.0,3,3,10,2,0,1737
0.0,165,,1.0,10,5,3,7,0,1738
,200,1.0,2.0,8,9,5,2,0,1739
2.0,135,,1.0,3,6,10,3,1,1740
2.0,91,,2.0,9,3,11,2,0,1741
,200,3.0,0.0,9,8,2,6,0,1742
1.0,90,,2.0,2,10,4,4,3,1743
0.0,141,1.0,2.0,10,8,7,7,2,1744
3.0,184,1.0,0.0,5,7,4,10,0,1745
,200,,3.0,7,4,7,8,3,1746
1.0,162,,1.0,6,10,2,7,1,1747
2.0,95,,2.0,4,4,10,2,2,1748
0.0,117,0.0,0.0,11,3,3,3,2,1749
3.0,128,3.0,3.0,4,2,8,11,3,1750
2.0,59,,2.0,3,2,10,4,3,1751
0.0,109,3.0,0.0,10,3,4,5,0,1752
2.0,191,,3.0,4,5,10,8,3,1753
1.0,98,,1.0,2,10,6,3,1,1754
1.0,114,,2.0,3,10,4,3,1,1755
0.0,85,,3.0,10,3,3,5,0,1756
3.0,116,,3.0,4,2,4,10,3,1757
3.0,104,2.0,3.0,2,3,5,11,3,1758
2.0,99,,2.0,3,3,10,3,2,1759
3.0,120,,3.0,2,2,4,10,2,1760
1.0,142,0.0,3.0,8,10,4,6,3,1761
3.0,152,3.0,1.0,6,8,5,10,1,1762
3.0,88,,3.0,3,3,4,10,2,1763
1.0,78,,1.0,3,10,5,2,0,1764
2.0,111,,2.0,4,4,10,2,2,1765
3.0,116,,3.0,4,3,8,10,2,1766
2.0,63,2.0,2.0,4,2,10,3,3,1767
3.0,112,,3.0,4,3,4,10,0,1768
2.0,115,,0.0,7,7,10,3,0,1769
2.0,63,2.0,2.0,4,2,10,5,2,1770
3.0,160,3.0,2.0,6,4,9,10,2,1771
2.0,147,,2.0,5,2,10,3,2,1772
2.0,119,,2.0,2,4,10,2,2,1773
1.0,134,1.0,3.0,3,10,3,9,3,1774
1.0,158,,3.0,3,10,3,9,3,1775
1.0,114,,1.0,4,10,4,2,1,1776
3.0,184,,3.0,8,3,4,10,3,1777
2.0,83,2.0,3.0,5,5,10,3,2,1778
2.0,135,0.0,2.0,8,7,11,2,2,1779
1.0,170,1.0,1.0,5,10,6,2,2,1780
2.0,167,,2.0,5,4,10,6,1,1781
0.0,145,,0.0,10,6,2,6,0,1782
2.0,155,,0.0,6,3,10,6,3,1783
2.0,151,,2.0,2,6,10,5,2,1784
3.0,116,,1.0,2,8,4,10,1,1785
0.0,177,0.0,1.0,10,6,2,4,0,1786
2.0,91,2.0,2.0,5,4,10,2,0,1787
1.0,142,1.0,1.0,6,10,6,6,3,1788
1.0,162,1.0,0.0,5,10,3,4,0,1789
0.0,93,0.0,0.0,11,5,3,8,3,1790
0.0,125,,0.0,10,8,3,4,0,1791
0.0,113,,0.0,11,2,6,6,2,1792
1.0,110,,1.0,2,10,4,2,1,1793
3.0,132,,3.0,6,7,2,10,1,1794
2.0,143,2.0,2.0,2,6,11,4,1,1795
,200,3.0,1.0,4,4,3,8,0,1796
0.0,77,0.0,0.0,10,5,4,2,0,1797
2.0,127,,0.0,9,6,10,5,2,1798
1.0,126,,2.0,4,10,9,3,0,1799
1.0,166,1.0,1.0,5,10,3,6,2,1800
1.0,102,1.0,1.0,3,11,2,3,1,1801
1.0,154,2.0,1.0,7,10,9,4,0,1802
2.0,139,2.0,1.0,8,9,10,2,1,1803
2.0,127,3.0,2.0,3,6,10,8,1,1804
0.0,89,,0.0,10,2,2,4,0,1805
0.0,125,,0.0,10,5,6,4,2,1806
1.0,182,,0.0,6,10,3,4,1,1807
3.0,108,3.0,3.0,3,4,4,10,3,1808
0.0,73,0.0,0.0,11,4,2,3,0,1809
0.0,105,,0.0,10,4,5,2,2,1810
3.0,52,,3.0,2,3,2,10,3,1811
2.0,127,2.0,1.0,6,7,10,6,1,1812
1.0,166,1.0,1.0,2,10,3,4,3,1813
1.0,134,0.0,1.0,7,10,6,2,1,1814
0.0,65,0.0,0.0,11,2,2,2,0,1815
3.0,152,3.0,3.0,2,6,6,10,1,1816
3.0,128,3.0,2.0,5,6,6,10,0,1817
3.0,76,,3.0,2,3,4,10,2,1818
0.0,133,,1.0,10,5,7,3,0,1819
0.0,93,,0.0,12,4,2,4,3,1820
2.0,139,2.0,1.0,4,9,10,3,1,1821
,200,3.0,0.0,7,2,8,8,1,1822
1.0,98,1.0,1.0,3,10,7,3,1,1823
1.0,142,1.0,1.0,3,11,6,4,2,1824
1.0,110,,1.0,5,10,2,3,2,1825
0.0,101,,0.0,10,4,3,4,0,1826
2.0,115,,2.0,4,4,10,3,3,1827
2.0,115,,2.0,5,2,10,5,2,1828
1.0,170,0.0,1.0,9,10,5,5,1,1829
3.0,160,2.0,1.0,8,8,6,10,1,1830
1.0,150,0.0,2.0,7,10,9,6,3,1831
0.0,101,0.0,0.0,11,4,4,2,0,1832
1.0,130,,1.0,8,10,2,2,0,1833
1.0,158,0.0,1.0,7,10,5,4,1,1834
0.0,117,,0.0,10,2,7,6,2,1835
3.0,104,,3.0,2,2,4,10,3,1836
2.0,147,2.0,2.0,6,2,10,4,0,1837
3.0,112,1.0,3.0,3,9,2,11,3,1838
0.0,145,0.0,0.0,10,8,4,2,1,1839
0.0,185,,0.0,10,4,5,6,0,1840
,200,1.0,1.0,5,9,4,9,0,1841
0.0,105,2.0,1.0,10,5,8,5,3,1842
2.0,127,1.0,2.0,3,9,10,6,2,1843
1.0,178,0.0,3.0,6,10,8,8,3,1844
1.0,138,,1.0,7,10,4,3,0,1845
0.0,97,,1.0,10,4,2,5,0,1846
,200,2.0,0.0,9,6,8,3,1,1847
0.0,113,2.0,1.0,10,7,4,9,3,1848
,200,1.0,0.0,5,8,4,3,1,1849
3.0,124,3.0,3.0,6,7,6,10,0,1850
0.0,173,3.0,0.0,10,5,3,9,0,1851
3.0,88,,3.0,3,2,5,10,3,1852
0.0,161,,0.0,10,5,4,6,0,1853
2.0,111,2.0,2.0,7,3,11,6,3,1854
0.0,141,0.0,0.0,11,2,5,6,2,1855
3.0,88,0.0,,9,4,2,10,0,1856
3.0,156,3.0,3.0,3,4,4,10,2,1857
2.0,103,,2.0,5,3,10,6,3,1858
3.0,64,,,2,4,3,10,2,1859
0.0,85,,0.0,10,2,2,4,1,1860
2.0,111,,2.0,3,2,10,5,2,1861
2.0,135,,2.0,5,4,10,8,2,1862
3.0,116,,0.0,7,4,4,10,0,1863
1.0,78,,1.0,4,10,3,2,1,1864
3.0,140,3.0,1.0,7,5,6,10,0,1865
1.0,138,,1.0,4,11,3,4,0,1866
0.0,125,,0.0,10,2,2,5,0,1867
3.0,124,3.0,3.0,7,2,4,10,2,1868
2.0,151,3.0,3.0,5,2,10,9,3,1869
1.0,98,3.0,1.0,4,10,4,7,1,1870
1.0,134,1.0,1.0,2,10,8,2,2,1871
0.0,153,0.0,0.0,10,7,6,2,2,1872
0.0,137,2.0,0.0,11,8,6,5,1,1873
0.0,185,,0.0,10,5,4,4,0,1874
1.0,66,,1.0,4,10,2,3,1,1875
0.0,117,0.0,0.0,11,3,3,2,0,1876
0.0,133,,0.0,10,4,5,5,2,1877
0.0,93,0.0,0.0,10,2,3,4,0,1878
3.0,72,,3.0,3,2,2,10,3,1879
3.0,148,,1.0,2,8,8,10,1,1880
3.0,116,3.0,3.0,6,3,4,10,1,1881
0.0,145,2.0,0.0,10,4,6,3,0,1882
2.0,83,2.0,2.0,2,2,10,3,2,1883
3.0,156,,2.0,3,3,7,10,3,1884
1.0,102,1.0,1.0,4,10,6,2,2,1885
2.0,147,2.0,2.0,6,2,11,4,0,1886
0.0,97,,0.0,10,6,5,3,0,1887
0.0,145,0.0,0.0,10,2,5,2,2,1888
2.0,99,2.0,2.0,2,6,11,6,3,1889
2.0,151,,1.0,7,9,10,4,1,1890
2.0,95,,2.0,4,2,12,5,2,1891
1.0,114,,1.0,2,10,5,4,3,1892
2.0,199,2.0,1.0,8,8,13,5,1,1893
2.0,103,2.0,0.0,6,3,11,7,2,1894
0.0,93,,0.0,10,4,5,6,0,1895
1.0,118,,1.0,2,10,4,6,1,1896
2.0,199,1.0,2.0,6,6,10,5,3,1897
2.0,147,,2.0,2,6,10,5,2,1898
0.0,97,,0.0,11,4,3,6,0,1899
1.0,42,,1.0,3,10,3,2,1,1900
3.0,132,3.0,0.0,6,3,3,10,1,1901
0.0,129,,0.0,12,7,6,4,1,1902
3.0,148,0.0,3.0,6,3,4,10,3,1903
2.0,131,,2.0,5,2,10,2,2,1904
3.0,160,,3.0,4,5,4,10,3,1905
1.0,102,1.0,1.0,6,10,4,4,1,1906
3.0,112,3.0,3.0,3,5,3,11,3,1907
1.0,90,,1.0,3,12,2,4,1,1908
3.0,136,3.0,0.0,7,4,2,10,0,1909
2.0,79,,2.0,2,3,10,4,2,1910
2.0,119,,1.0,4,4,10,3,0,1911
3.0,172,,3.0,2,8,6,10,3,1912
3.0,64,,3.0,3,4,2,10,1,1913
,200,3.0,1.0,4,6,7,5,2,1914
0.0,137,2.0,0.0,10,2,4,4,3,1915
2.0,103,,2.0,4,2,11,5,3,1916
1.0,114,,1.0,4,10,6,3,1,1917
3.0,84,3.0,3.0,2,4,2,10,1,1918
2.0,115,,1.0,3,4,10,3,2,1919
,200,0.0,3.0,8,4,6,6,0,1920
1.0,102,1.0,1.0,6,10,3,3,3,1921
0.0,97,2.0,0.0,10,3,7,2,2,1922
3.0,84,,3.0,4,2,4,10,3,1923
2.0,103,,3.0,5,2,10,5,2,1924
0.0,73,,0.0,11,3,2,3,0,1925
1.0,146,1.0,2.0,5,10,7,2,2,1926
2.0,115,2.0,1.0,4,5,10,4,2,1927
1.0,154,,1.0,5,10,5,6,0,1928
1.0,78,1.0,1.0,2,10,6,6,3,1929
0.0,137,1.0,0.0,10,5,3,2,0,1930
1.0,170,1.0,1.0,2,10,6,4,3,1931
0.0,73,,3.0,10,3,3,6,3,1932
3.0,92,,3.0,3,3,3,10,3,1933
1.0,186,,0.0,7,10,7,4,1,1934
0.0,89,,0.0,10,3,3,3,0,1935
1.0,178,,1.0,4,10,4,3,2,1936
1.0,94,,1.0,3,10,5,4,1,1937
1.0,142,,1.0,5,10,5,7,1,1938
2.0,147,3.0,2.0,4,4,10,9,2,1939
2.0,171,,2.0,3,5,10,3,2,1940
3.0,112,3.0,0.0,6,2,3,10,0,1941
1.0,126,,1.0,3,10,3,4,2,1942
0.0,173,1.0,3.0,10,7,2,7,3,1943
2.0,111,,2.0,4,5,10,2,2,1944
0.0,149,,2.0,10,5,5,8,0,1945
3.0,136,,0.0,6,3,6,10,3,1946
2.0,103,2.0,3.0,2,3,12,6,2,1947
0.0,189,0.0,0.0,10,5,6,2,3,1948
,200,0.0,3.0,9,3,8,5,0,1949
3.0,108,,3.0,3,4,2,10,3,1950
1.0,82,,1.0,3,10,2,2,1,1951
2.0,135,,2.0,5,5,10,7,1,1952
0.0,137,2.0,1.0,10,7,7,5,3,1953
1.0,178,2.0,1.0,2,10,6,2,0,1954
0.0,121,,0.0,10,4,3,3,1,1955
2.0,163,2.0,3.0,4,5,10,7,2,1956
1.0,110,,1.0,4,10,5,5,1,1957
1.0,62,3.0,1.0,3,10,3,5,0,1958
3.0,164,,1.0,9,7,6,11,3,1959
0.0,129,,3.0,10,4,2,4,0,1960
2.0,107,,1.0,4,7,10,4,3,1961
1.0,82,1.0,1.0,3,10,2,3,0,1962
2.0,127,,2.0,6,6,10,3,1,1963
2.0,143,3.0,0.0,7,7,10,9,0,1964
0.0,181,,2.0,10,4,9,5,1,1965
1.0,154,1.0,1.0,4,10,4,7,3,1966
0.0,97,,0.0,10,4,4,4,0,1967
0.0,149,,0.0,10,5,5,5,0,1968
3.0,128,,3.0,7,2,2,10,0,1969
2.0,103,3.0,2.0,3,4,10,7,3,1970
1.0,74,,1.0,2,10,3,5,1,1971
2.0,91,,2.0,2,6,10,3,1,1972
2.0,127,2.0,3.0,4,5,10,8,3,1973
2.0,99,2.0,2.0,6,2,10,4,0,1974
0.0,93,,0.0,11,2,4,6,3,1975
3.0,100,,3.0,5,4,2,10,3,1976
1.0,130,1.0,2.0,4,11,5,5,1,1977
1.0,118,,1.0,4,10,2,4,1,1978
1.0,86,1.0,1.0,4,11,4,4,2,1979
3.0,84,,3.0,3,2,3,10,3,1980
1.0,138,1.0,3.0,8,10,5,6,0,1981
3.0,156,3.0,0.0,6,9,2,11,0,1982
0.0,81,0.0,0.0,11,2,2,5,3,1983
3.0,116,2.0,3.0,2,4,4,10,3,1984
3.0,68,,3.0,4,2,2,10,3,1985
,200,,0.0,7,5,4,9,1,1986
2.0,99,2.0,2.0,2,3,10,4,3,1987
1.0,134,,2.0,5,10,6,6,3,1988
1.0,134,,1.0,3,10,4,6,1,1989
,200,,2.0,4,3,6,5,2,1990
0.0,61,,0.0,10,2,2,2,2,1991
3.0,112,3.0,1.0,2,6,2,10,3,1992
2.0,99,2.0,2.0,4,3,10,2,3,1993
3.0,124,3.0,1.0,2,6,4,10,3,1994
3.0,160,3.0,3.0,3,5,4,11,1,1995
1.0,126,,1.0,4,10,6,3,1,1996
1.0,98,,1.0,3,10,5,6,1,1997
1.0,78,,1.0,2,10,4,2,3,1998
2.0,159,0.0,1.0,9,7,10,4,2,1999
